"STDR_YM_CD(기준_년월_코드)","RD_LINK_ID(도로링크_ID)","SIGNGU_CD(시군구코드)","ADSTRD_CD(행정동코드)","DAYWEEK_CD(요일코드)","AGRDE_CD(연령대코드)","TMZON_CD(시간대코드)","FLPOP_CO(유동인구_수)"
"201612","6833","11320","11320511","1","00","00",226.700333333333
"201612","6833","11320","11320511","1","00","01",0
"201612","6833","11320","11320511","1","00","02",27.0013333333333
"201612","6833","11320","11320511","1","00","03",47.023
"201612","6833","11320","11320511","1","00","04",58.735
"201612","6833","11320","11320511","1","00","05",72.9956666666667
"201612","6833","11320","11320511","1","00","06",20.9453333333333
"201612","6833","11320","11320511","1","10","00",11.3843333333333
"201612","6833","11320","11320511","1","10","01",0
"201612","6833","11320","11320511","1","10","02",0.403333333333333
"201612","6833","11320","11320511","1","10","03",0.645333333333333
"201612","6833","11320","11320511","1","10","04",4.56
"201612","6833","11320","11320511","1","10","05",4.32433333333333
"201612","6833","11320","11320511","1","10","06",1.45133333333333
"201612","6833","11320","11320511","1","20","00",24.862
"201612","6833","11320","11320511","1","20","01",0
"201612","6833","11320","11320511","1","20","02",0.484
"201612","6833","11320","11320511","1","20","03",2.77633333333333
"201612","6833","11320","11320511","1","20","04",4.771
"201612","6833","11320","11320511","1","20","05",10.468
"201612","6833","11320","11320511","1","20","06",6.36266666666667
"201612","6833","11320","11320511","1","30","00",43.4666666666667
"201612","6833","11320","11320511","1","30","01",0
"201612","6833","11320","11320511","1","30","02",5.334
"201612","6833","11320","11320511","1","30","03",9.51566666666667
"201612","6833","11320","11320511","1","30","04",10.4823333333333
"201612","6833","11320","11320511","1","30","05",14.379
"201612","6833","11320","11320511","1","30","06",3.75566666666667
"201612","6833","11320","11320511","1","40","00",60.7683333333333
"201612","6833","11320","11320511","1","40","01",0
"201612","6833","11320","11320511","1","40","02",8.82866666666667
"201612","6833","11320","11320511","1","40","03",13.2203333333333
"201612","6833","11320","11320511","1","40","04",14.9103333333333
"201612","6833","11320","11320511","1","40","05",18.8086666666667
"201612","6833","11320","11320511","1","40","06",5.00033333333333
"201612","6833","11320","11320511","1","50","00",59.9676666666667
"201612","6833","11320","11320511","1","50","01",0
"201612","6833","11320","11320511","1","50","02",8.58033333333333
"201612","6833","11320","11320511","1","50","03",13.5423333333333
"201612","6833","11320","11320511","1","50","04",15.5113333333333
"201612","6833","11320","11320511","1","50","05",18.2003333333333
"201612","6833","11320","11320511","1","50","06",4.13333333333333
"201612","6833","11320","11320511","1","60","00",26.2513333333333
"201612","6833","11320","11320511","1","60","01",0
"201612","6833","11320","11320511","1","60","02",3.371
"201612","6833","11320","11320511","1","60","03",7.323
"201612","6833","11320","11320511","1","60","04",8.5
"201612","6833","11320","11320511","1","60","05",6.81533333333333
"201612","6833","11320","11320511","1","60","06",0.242
"201612","6833","11320","11320511","2","00","00",161.11
"201612","6833","11320","11320511","2","00","01",0
"201612","6833","11320","11320511","2","00","02",11.9358333333333
"201612","6833","11320","11320511","2","00","03",38.4516666666667
"201612","6833","11320","11320511","2","00","04",43.5483333333333
"201612","6833","11320","11320511","2","00","05",54.7933333333333
"201612","6833","11320","11320511","2","00","06",12.3808333333333
"201612","6833","11320","11320511","2","10","00",8.15583333333333
"201612","6833","11320","11320511","2","10","01",0
"201612","6833","11320","11320511","2","10","02",0
"201612","6833","11320","11320511","2","10","03",1.24416666666667
"201612","6833","11320","11320511","2","10","04",2.30333333333333
"201612","6833","11320","11320511","2","10","05",3.765
"201612","6833","11320","11320511","2","10","06",0.843333333333333
"201612","6833","11320","11320511","2","20","00",22.2475
"201612","6833","11320","11320511","2","20","01",0
"201612","6833","11320","11320511","2","20","02",0.198333333333333
"201612","6833","11320","11320511","2","20","03",3.455
"201612","6833","11320","11320511","2","20","04",4.65
"201612","6833","11320","11320511","2","20","05",8.81833333333333
"201612","6833","11320","11320511","2","20","06",5.12583333333333
"201612","6833","11320","11320511","2","30","00",27.8233333333333
"201612","6833","11320","11320511","2","30","01",0
"201612","6833","11320","11320511","2","30","02",1.83666666666667
"201612","6833","11320","11320511","2","30","03",7.58583333333333
"201612","6833","11320","11320511","2","30","04",7.68083333333333
"201612","6833","11320","11320511","2","30","05",9.28333333333333
"201612","6833","11320","11320511","2","30","06",1.43666666666667
"201612","6833","11320","11320511","2","40","00",39.1841666666667
"201612","6833","11320","11320511","2","40","01",0
"201612","6833","11320","11320511","2","40","02",3.34416666666667
"201612","6833","11320","11320511","2","40","03",9.875
"201612","6833","11320","11320511","2","40","04",10.6041666666667
"201612","6833","11320","11320511","2","40","05",13.1725
"201612","6833","11320","11320511","2","40","06",2.18833333333333
"201612","6833","11320","11320511","2","50","00",47.2025
"201612","6833","11320","11320511","2","50","01",0
"201612","6833","11320","11320511","2","50","02",4.76083333333333
"201612","6833","11320","11320511","2","50","03",11.6208333333333
"201612","6833","11320","11320511","2","50","04",13.2875
"201612","6833","11320","11320511","2","50","05",14.945
"201612","6833","11320","11320511","2","50","06",2.58833333333333
"201612","6833","11320","11320511","2","60","00",16.4966666666667
"201612","6833","11320","11320511","2","60","01",0
"201612","6833","11320","11320511","2","60","02",1.79583333333333
"201612","6833","11320","11320511","2","60","03",4.67083333333333
"201612","6833","11320","11320511","2","60","04",5.0225
"201612","6833","11320","11320511","2","60","05",4.80916666666667
"201612","6833","11320","11320511","2","60","06",0.198333333333333
"201612","6834","11320","11320511","1","00","00",316.650823529412
"201612","6834","11320","11320511","1","00","01",1.41841176470588
"201612","6834","11320","11320511","1","00","02",44.3310588235294
"201612","6834","11320","11320511","1","00","03",63.5931176470588
"201612","6834","11320","11320511","1","00","04",76.419
"201612","6834","11320","11320511","1","00","05",97.2684705882353
"201612","6834","11320","11320511","1","00","06",33.6207647058824
"201612","6834","11320","11320511","1","10","00",25.5710588235294
"201612","6834","11320","11320511","1","10","01",0
"201612","6834","11320","11320511","1","10","02",3.26352941176471
"201612","6834","11320","11320511","1","10","03",3.16176470588235
"201612","6834","11320","11320511","1","10","04",7.50294117647059
"201612","6834","11320","11320511","1","10","05",8.43417647058824
"201612","6834","11320","11320511","1","10","06",3.20864705882353
"201612","6834","11320","11320511","1","20","00",39.0652941176471
"201612","6834","11320","11320511","1","20","01",1.34382352941176
"201612","6834","11320","11320511","1","20","02",4.05094117647059
"201612","6834","11320","11320511","1","20","03",6.47835294117647
"201612","6834","11320","11320511","1","20","04",7.09294117647059
"201612","6834","11320","11320511","1","20","05",12.5444117647059
"201612","6834","11320","11320511","1","20","06",7.55482352941176
"201612","6834","11320","11320511","1","30","00",56.98
"201612","6834","11320","11320511","1","30","01",0.0745882352941177
"201612","6834","11320","11320511","1","30","02",8.00541176470588
"201612","6834","11320","11320511","1","30","03",11.2261176470588
"201612","6834","11320","11320511","1","30","04",12.9088235294118
"201612","6834","11320","11320511","1","30","05",18.1110588235294
"201612","6834","11320","11320511","1","30","06",6.654
"201612","6834","11320","11320511","1","40","00",74.8477647058824
"201612","6834","11320","11320511","1","40","01",0
"201612","6834","11320","11320511","1","40","02",10.9097058823529
"201612","6834","11320","11320511","1","40","03",14.9439411764706
"201612","6834","11320","11320511","1","40","04",17.781
"201612","6834","11320","11320511","1","40","05",23.416
"201612","6834","11320","11320511","1","40","06",7.79711764705882
"201612","6834","11320","11320511","1","50","00",75.6370588235294
"201612","6834","11320","11320511","1","50","01",0
"201612","6834","11320","11320511","1","50","02",11.1579411764706
"201612","6834","11320","11320511","1","50","03",15.9822941176471
"201612","6834","11320","11320511","1","50","04",18.5472941176471
"201612","6834","11320","11320511","1","50","05",22.8169411764706
"201612","6834","11320","11320511","1","50","06",7.13258823529412
"201612","6834","11320","11320511","1","60","00",44.5496470588235
"201612","6834","11320","11320511","1","60","01",0
"201612","6834","11320","11320511","1","60","02",6.94352941176471
"201612","6834","11320","11320511","1","60","03",11.8006470588235
"201612","6834","11320","11320511","1","60","04",12.586
"201612","6834","11320","11320511","1","60","05",11.9458823529412
"201612","6834","11320","11320511","1","60","06",1.27358823529412
"201612","6834","11320","11320511","2","00","00",238.778676470588
"201612","6834","11320","11320511","2","00","01",3.73632352941176
"201612","6834","11320","11320511","2","00","02",25.9144117647059
"201612","6834","11320","11320511","2","00","03",54.1726470588235
"201612","6834","11320","11320511","2","00","04",56.1933823529412
"201612","6834","11320","11320511","2","00","05",71.7901470588235
"201612","6834","11320","11320511","2","00","06",26.9717647058824
"201612","6834","11320","11320511","2","10","00",21.5797058823529
"201612","6834","11320","11320511","2","10","01",0
"201612","6834","11320","11320511","2","10","02",0.614705882352941
"201612","6834","11320","11320511","2","10","03",5.7025
"201612","6834","11320","11320511","2","10","04",6.09941176470588
"201612","6834","11320","11320511","2","10","05",6.18647058823529
"201612","6834","11320","11320511","2","10","06",2.97661764705882
"201612","6834","11320","11320511","2","20","00",36.0994117647059
"201612","6834","11320","11320511","2","20","01",2.77308823529412
"201612","6834","11320","11320511","2","20","02",2.26705882352941
"201612","6834","11320","11320511","2","20","03",6.63882352941176
"201612","6834","11320","11320511","2","20","04",7.06514705882353
"201612","6834","11320","11320511","2","20","05",10.1394117647059
"201612","6834","11320","11320511","2","20","06",7.21588235294118
"201612","6834","11320","11320511","2","30","00",41.3620588235294
"201612","6834","11320","11320511","2","30","01",0.583529411764706
"201612","6834","11320","11320511","2","30","02",4.58676470588235
"201612","6834","11320","11320511","2","30","03",9.70882352941176
"201612","6834","11320","11320511","2","30","04",9.43794117647059
"201612","6834","11320","11320511","2","30","05",11.9335294117647
"201612","6834","11320","11320511","2","30","06",5.11147058823529
"201612","6834","11320","11320511","2","40","00",51.0933823529412
"201612","6834","11320","11320511","2","40","01",0.286911764705882
"201612","6834","11320","11320511","2","40","02",6.07029411764706
"201612","6834","11320","11320511","2","40","03",11.2692647058824
"201612","6834","11320","11320511","2","40","04",11.9416176470588
"201612","6834","11320","11320511","2","40","05",16.2376470588235
"201612","6834","11320","11320511","2","40","06",5.28764705882353
"201612","6834","11320","11320511","2","50","00",55.5626470588235
"201612","6834","11320","11320511","2","50","01",0.0927941176470588
"201612","6834","11320","11320511","2","50","02",7.35014705882353
"201612","6834","11320","11320511","2","50","03",12.1191176470588
"201612","6834","11320","11320511","2","50","04",13.2064705882353
"201612","6834","11320","11320511","2","50","05",17.5079411764706
"201612","6834","11320","11320511","2","50","06",5.28617647058824
"201612","6834","11320","11320511","2","60","00",33.0814705882353
"201612","6834","11320","11320511","2","60","01",0
"201612","6834","11320","11320511","2","60","02",5.02544117647059
"201612","6834","11320","11320511","2","60","03",8.73411764705882
"201612","6834","11320","11320511","2","60","04",8.44279411764706
"201612","6834","11320","11320511","2","60","05",9.78514705882353
"201612","6834","11320","11320511","2","60","06",1.09397058823529
"201612","6851","11320","11320511","1","00","00",307.6186
"201612","6851","11320","11320511","1","00","01",0.542
"201612","6851","11320","11320511","1","00","02",41.10915
"201612","6851","11320","11320511","1","00","03",61.4111
"201612","6851","11320","11320511","1","00","04",76.1039
"201612","6851","11320","11320511","1","00","05",95.3147
"201612","6851","11320","11320511","1","00","06",33.13775
"201612","6851","11320","11320511","1","10","00",23.43635
"201612","6851","11320","11320511","1","10","01",0.06
"201612","6851","11320","11320511","1","10","02",1.77195
"201612","6851","11320","11320511","1","10","03",2.22095
"201612","6851","11320","11320511","1","10","04",8.0312
"201612","6851","11320","11320511","1","10","05",8.3693
"201612","6851","11320","11320511","1","10","06",2.98295
"201612","6851","11320","11320511","1","20","00",37.52855
"201612","6851","11320","11320511","1","20","01",0.24735
"201612","6851","11320","11320511","1","20","02",1.8765
"201612","6851","11320","11320511","1","20","03",5.79995
"201612","6851","11320","11320511","1","20","04",7.5533
"201612","6851","11320","11320511","1","20","05",13.5794
"201612","6851","11320","11320511","1","20","06",8.47205
"201612","6851","11320","11320511","1","30","00",56.49625
"201612","6851","11320","11320511","1","30","01",0.08425
"201612","6851","11320","11320511","1","30","02",8.08055
"201612","6851","11320","11320511","1","30","03",12.0215
"201612","6851","11320","11320511","1","30","04",12.8231
"201612","6851","11320","11320511","1","30","05",17.5903
"201612","6851","11320","11320511","1","30","06",5.89655
"201612","6851","11320","11320511","1","40","00",76.67145
"201612","6851","11320","11320511","1","40","01",0.0903
"201612","6851","11320","11320511","1","40","02",11.58855
"201612","6851","11320","11320511","1","40","03",14.9188
"201612","6851","11320","11320511","1","40","04",18.3483
"201612","6851","11320","11320511","1","40","05",23.64375
"201612","6851","11320","11320511","1","40","06",8.08175
"201612","6851","11320","11320511","1","50","00",73.9665
"201612","6851","11320","11320511","1","50","01",0.0601
"201612","6851","11320","11320511","1","50","02",11.416
"201612","6851","11320","11320511","1","50","03",15.9851
"201612","6851","11320","11320511","1","50","04",17.96475
"201612","6851","11320","11320511","1","50","05",21.8079
"201612","6851","11320","11320511","1","50","06",6.73265
"201612","6851","11320","11320511","1","60","00",39.5195
"201612","6851","11320","11320511","1","60","01",0
"201612","6851","11320","11320511","1","60","02",6.3756
"201612","6851","11320","11320511","1","60","03",10.4648
"201612","6851","11320","11320511","1","60","04",11.38325
"201612","6851","11320","11320511","1","60","05",10.32405
"201612","6851","11320","11320511","1","60","06",0.9718
"201612","6851","11320","11320511","2","00","00",242.54325
"201612","6851","11320","11320511","2","00","01",1.878
"201612","6851","11320","11320511","2","00","02",23.561375
"201612","6851","11320","11320511","2","00","03",55.827
"201612","6851","11320","11320511","2","00","04",60.91525
"201612","6851","11320","11320511","2","00","05",74.847125
"201612","6851","11320","11320511","2","00","06",25.5145
"201612","6851","11320","11320511","2","10","00",17.520375
"201612","6851","11320","11320511","2","10","01",0.09975
"201612","6851","11320","11320511","2","10","02",0.256
"201612","6851","11320","11320511","2","10","03",3.699875
"201612","6851","11320","11320511","2","10","04",5.110125
"201612","6851","11320","11320511","2","10","05",6.31275
"201612","6851","11320","11320511","2","10","06",2.041875
"201612","6851","11320","11320511","2","20","00",36.1025
"201612","6851","11320","11320511","2","20","01",1.19525
"201612","6851","11320","11320511","2","20","02",1.054
"201612","6851","11320","11320511","2","20","03",6.552
"201612","6851","11320","11320511","2","20","04",8.00225
"201612","6851","11320","11320511","2","20","05",11.58025
"201612","6851","11320","11320511","2","20","06",7.71875
"201612","6851","11320","11320511","2","30","00",44.237375
"201612","6851","11320","11320511","2","30","01",0.255875
"201612","6851","11320","11320511","2","30","02",3.95325
"201612","6851","11320","11320511","2","30","03",10.8725
"201612","6851","11320","11320511","2","30","04",11.256375
"201612","6851","11320","11320511","2","30","05",13.622625
"201612","6851","11320","11320511","2","30","06",4.27675
"201612","6851","11320","11320511","2","40","00",55.144625
"201612","6851","11320","11320511","2","40","01",0.199
"201612","6851","11320","11320511","2","40","02",6.120375
"201612","6851","11320","11320511","2","40","03",12.979125
"201612","6851","11320","11320511","2","40","04",13.438625
"201612","6851","11320","11320511","2","40","05",17.327625
"201612","6851","11320","11320511","2","40","06",5.079875
"201612","6851","11320","11320511","2","50","00",59.416375
"201612","6851","11320","11320511","2","50","01",0.128125
"201612","6851","11320","11320511","2","50","02",8.055375
"201612","6851","11320","11320511","2","50","03",13.103125
"201612","6851","11320","11320511","2","50","04",14.378875
"201612","6851","11320","11320511","2","50","05",18.0335
"201612","6851","11320","11320511","2","50","06",5.717375
"201612","6851","11320","11320511","2","60","00",30.122
"201612","6851","11320","11320511","2","60","01",0
"201612","6851","11320","11320511","2","60","02",4.122375
"201612","6851","11320","11320511","2","60","03",8.620375
"201612","6851","11320","11320511","2","60","04",8.729
"201612","6851","11320","11320511","2","60","05",7.970375
"201612","6851","11320","11320511","2","60","06",0.679875
"201612","6852","11320","11320511","1","00","00",1075.188
"201612","6852","11320","11320511","1","00","01",8.9855
"201612","6852","11320","11320511","1","00","02",157.678
"201612","6852","11320","11320511","1","00","03",213.4615
"201612","6852","11320","11320511","1","00","04",255.1245
"201612","6852","11320","11320511","1","00","05",314.9425
"201612","6852","11320","11320511","1","00","06",124.996
"201612","6852","11320","11320511","1","10","00",97.3555
"201612","6852","11320","11320511","1","10","01",1.01
"201612","6852","11320","11320511","1","10","02",10.9975
"201612","6852","11320","11320511","1","10","03",13.216
"201612","6852","11320","11320511","1","10","04",27.743
"201612","6852","11320","11320511","1","10","05",31.2725
"201612","6852","11320","11320511","1","10","06",13.1165
"201612","6852","11320","11320511","1","20","00",144.059
"201612","6852","11320","11320511","1","20","01",4.0365
"201612","6852","11320","11320511","1","20","02",12.6115
"201612","6852","11320","11320511","1","20","03",24.2115
"201612","6852","11320","11320511","1","20","04",28.9525
"201612","6852","11320","11320511","1","20","05",44.0835
"201612","6852","11320","11320511","1","20","06",30.1635
"201612","6852","11320","11320511","1","30","00",185.3195
"201612","6852","11320","11320511","1","30","01",1.414
"201612","6852","11320","11320511","1","30","02",28.9525
"201612","6852","11320","11320511","1","30","03",36.821
"201612","6852","11320","11320511","1","30","04",39.9485
"201612","6852","11320","11320511","1","30","05",54.6765
"201612","6852","11320","11320511","1","30","06",23.507
"201612","6852","11320","11320511","1","40","00",243.321
"201612","6852","11320","11320511","1","40","01",1.515
"201612","6852","11320","11320511","1","40","02",37.9305
"201612","6852","11320","11320511","1","40","03",46.808
"201612","6852","11320","11320511","1","40","04",56.996
"201612","6852","11320","11320511","1","40","05",72.9345
"201612","6852","11320","11320511","1","40","06",27.137
"201612","6852","11320","11320511","1","50","00",239.488
"201612","6852","11320","11320511","1","50","01",1.01
"201612","6852","11320","11320511","1","50","02",38.8385
"201612","6852","11320","11320511","1","50","03",50.54
"201612","6852","11320","11320511","1","50","04",56.4925
"201612","6852","11320","11320511","1","50","05",68.698
"201612","6852","11320","11320511","1","50","06",23.909
"201612","6852","11320","11320511","1","60","00",165.645
"201612","6852","11320","11320511","1","60","01",0
"201612","6852","11320","11320511","1","60","02",28.3475
"201612","6852","11320","11320511","1","60","03",41.865
"201612","6852","11320","11320511","1","60","04",44.992
"201612","6852","11320","11320511","1","60","05",43.2775
"201612","6852","11320","11320511","1","60","06",7.163
"201612","6852","11320","11320511","2","00","00",810.67625
"201612","6852","11320","11320511","2","00","01",21.085
"201612","6852","11320","11320511","2","00","02",90.93625
"201612","6852","11320","11320511","2","00","03",175.6725
"201612","6852","11320","11320511","2","00","04",185.46
"201612","6852","11320","11320511","2","00","05",238.85375
"201612","6852","11320","11320511","2","00","06",98.66875
"201612","6852","11320","11320511","2","10","00",76.83875
"201612","6852","11320","11320511","2","10","01",1.64
"201612","6852","11320","11320511","2","10","02",4.22
"201612","6852","11320","11320511","2","10","03",17.565
"201612","6852","11320","11320511","2","10","04",19.43875
"201612","6852","11320","11320511","2","10","05",24.125
"201612","6852","11320","11320511","2","10","06",9.85
"201612","6852","11320","11320511","2","20","00",134.88875
"201612","6852","11320","11320511","2","20","01",9.8375
"201612","6852","11320","11320511","2","20","02",7.5075
"201612","6852","11320","11320511","2","20","03",23.42375
"201612","6852","11320","11320511","2","20","04",27.62375
"201612","6852","11320","11320511","2","20","05",39.33375
"201612","6852","11320","11320511","2","20","06",27.1625
"201612","6852","11320","11320511","2","30","00",139.12875
"201612","6852","11320","11320511","2","30","01",4.2175
"201612","6852","11320","11320511","2","30","02",14.76875
"201612","6852","11320","11320511","2","30","03",31.38375
"201612","6852","11320","11320511","2","30","04",30.9075
"201612","6852","11320","11320511","2","30","05",40.505
"201612","6852","11320","11320511","2","30","06",17.34625
"201612","6852","11320","11320511","2","40","00",165.85125
"201612","6852","11320","11320511","2","40","01",3.28
"201612","6852","11320","11320511","2","40","02",20.8575
"201612","6852","11320","11320511","2","40","03",36.30875
"201612","6852","11320","11320511","2","40","04",37.00625
"201612","6852","11320","11320511","2","40","05",49.4125
"201612","6852","11320","11320511","2","40","06",18.98625
"201612","6852","11320","11320511","2","50","00",177.7825
"201612","6852","11320","11320511","2","50","01",2.11
"201612","6852","11320","11320511","2","50","02",25.54125
"201612","6852","11320","11320511","2","50","03",37.24
"201612","6852","11320","11320511","2","50","04",40.50625
"201612","6852","11320","11320511","2","50","05",52.45625
"201612","6852","11320","11320511","2","50","06",19.92875
"201612","6852","11320","11320511","2","60","00",116.18625
"201612","6852","11320","11320511","2","60","01",0
"201612","6852","11320","11320511","2","60","02",18.04125
"201612","6852","11320","11320511","2","60","03",29.75125
"201612","6852","11320","11320511","2","60","04",29.9775
"201612","6852","11320","11320511","2","60","05",33.02125
"201612","6852","11320","11320511","2","60","06",5.395
"201612","6879","11320","11320511","1","00","00",432.271666666667
"201612","6879","11320","11320511","1","00","01",0.259333333333333
"201612","6879","11320","11320511","1","00","02",64.2776666666667
"201612","6879","11320","11320511","1","00","03",88.5473333333333
"201612","6879","11320","11320511","1","00","04",103.087333333333
"201612","6879","11320","11320511","1","00","05",125.549666666667
"201612","6879","11320","11320511","1","00","06",50.5503333333333
"201612","6879","11320","11320511","1","10","00",35.3783333333333
"201612","6879","11320","11320511","1","10","01",0
"201612","6879","11320","11320511","1","10","02",3.664
"201612","6879","11320","11320511","1","10","03",4.84766666666667
"201612","6879","11320","11320511","1","10","04",11.25
"201612","6879","11320","11320511","1","10","05",11.2493333333333
"201612","6879","11320","11320511","1","10","06",4.36733333333333
"201612","6879","11320","11320511","1","20","00",62.313
"201612","6879","11320","11320511","1","20","01",0.259333333333333
"201612","6879","11320","11320511","1","20","02",5.51466666666667
"201612","6879","11320","11320511","1","20","03",12.2113333333333
"201612","6879","11320","11320511","1","20","04",13.2463333333333
"201612","6879","11320","11320511","1","20","05",17.8713333333333
"201612","6879","11320","11320511","1","20","06",13.21
"201612","6879","11320","11320511","1","30","00",70.1193333333333
"201612","6879","11320","11320511","1","30","01",0
"201612","6879","11320","11320511","1","30","02",11.0266666666667
"201612","6879","11320","11320511","1","30","03",13.4686666666667
"201612","6879","11320","11320511","1","30","04",14.9856666666667
"201612","6879","11320","11320511","1","30","05",20.6096666666667
"201612","6879","11320","11320511","1","30","06",10.0286666666667
"201612","6879","11320","11320511","1","40","00",89.622
"201612","6879","11320","11320511","1","40","01",0
"201612","6879","11320","11320511","1","40","02",14.4313333333333
"201612","6879","11320","11320511","1","40","03",17.5393333333333
"201612","6879","11320","11320511","1","40","04",20.5356666666667
"201612","6879","11320","11320511","1","40","05",26.5683333333333
"201612","6879","11320","11320511","1","40","06",10.5473333333333
"201612","6879","11320","11320511","1","50","00",97.207
"201612","6879","11320","11320511","1","50","01",0
"201612","6879","11320","11320511","1","50","02",15.8746666666667
"201612","6879","11320","11320511","1","50","03",20.241
"201612","6879","11320","11320511","1","50","04",22.2376666666667
"201612","6879","11320","11320511","1","50","05",28.6403333333333
"201612","6879","11320","11320511","1","50","06",10.2133333333333
"201612","6879","11320","11320511","1","60","00",77.632
"201612","6879","11320","11320511","1","60","01",0
"201612","6879","11320","11320511","1","60","02",13.7663333333333
"201612","6879","11320","11320511","1","60","03",20.2393333333333
"201612","6879","11320","11320511","1","60","04",20.832
"201612","6879","11320","11320511","1","60","05",20.6106666666667
"201612","6879","11320","11320511","1","60","06",2.18366666666667
"201612","6879","11320","11320511","2","00","00",344.644166666667
"201612","6879","11320","11320511","2","00","01",3.03
"201612","6879","11320","11320511","2","00","02",38.3466666666667
"201612","6879","11320","11320511","2","00","03",77.4883333333333
"201612","6879","11320","11320511","2","00","04",78.5208333333333
"201612","6879","11320","11320511","2","00","05",102.395833333333
"201612","6879","11320","11320511","2","00","06",44.8625
"201612","6879","11320","11320511","2","10","00",27.1633333333333
"201612","6879","11320","11320511","2","10","01",0
"201612","6879","11320","11320511","2","10","02",0
"201612","6879","11320","11320511","2","10","03",6.51333333333333
"201612","6879","11320","11320511","2","10","04",7.16
"201612","6879","11320","11320511","2","10","05",9.09
"201612","6879","11320","11320511","2","10","06",4.4
"201612","6879","11320","11320511","2","20","00",60.5283333333333
"201612","6879","11320","11320511","2","20","01",3.03
"201612","6879","11320","11320511","2","20","02",2.28833333333333
"201612","6879","11320","11320511","2","20","03",11.4791666666667
"201612","6879","11320","11320511","2","20","04",13.0458333333333
"201612","6879","11320","11320511","2","20","05",17.64
"201612","6879","11320","11320511","2","20","06",13.045
"201612","6879","11320","11320511","2","30","00",58.3108333333333
"201612","6879","11320","11320511","2","30","01",0
"201612","6879","11320","11320511","2","30","02",6.415
"201612","6879","11320","11320511","2","30","03",13.3216666666667
"201612","6879","11320","11320511","2","30","04",13.23
"201612","6879","11320","11320511","2","30","05",17.7316666666667
"201612","6879","11320","11320511","2","30","06",7.6125
"201612","6879","11320","11320511","2","40","00",65.8208333333333
"201612","6879","11320","11320511","2","40","01",0
"201612","6879","11320","11320511","2","40","02",8.9925
"201612","6879","11320","11320511","2","40","03",14.5075
"201612","6879","11320","11320511","2","40","04",14.3258333333333
"201612","6879","11320","11320511","2","40","05",19.9241666666667
"201612","6879","11320","11320511","2","40","06",8.07083333333333
"201612","6879","11320","11320511","2","50","00",72.6025
"201612","6879","11320","11320511","2","50","01",0
"201612","6879","11320","11320511","2","50","02",11.0166666666667
"201612","6879","11320","11320511","2","50","03",15.3283333333333
"201612","6879","11320","11320511","2","50","04",15.6083333333333
"201612","6879","11320","11320511","2","50","05",21.205
"201612","6879","11320","11320511","2","50","06",9.44416666666667
"201612","6879","11320","11320511","2","60","00",60.2183333333333
"201612","6879","11320","11320511","2","60","01",0
"201612","6879","11320","11320511","2","60","02",9.63416666666667
"201612","6879","11320","11320511","2","60","03",16.3383333333333
"201612","6879","11320","11320511","2","60","04",15.1508333333333
"201612","6879","11320","11320511","2","60","05",16.805
"201612","6879","11320","11320511","2","60","06",2.29
"201612","6884","11320","11320511","1","00","00",397.6385
"201612","6884","11320","11320511","1","00","01",0.805
"201612","6884","11320","11320511","1","00","02",51.9233333333333
"201612","6884","11320","11320511","1","00","03",82.6198333333333
"201612","6884","11320","11320511","1","00","04",97.2908333333333
"201612","6884","11320","11320511","1","00","05",121.939916666667
"201612","6884","11320","11320511","1","00","06",43.0595833333333
"201612","6884","11320","11320511","1","10","00",25.3461666666667
"201612","6884","11320","11320511","1","10","01",0
"201612","6884","11320","11320511","1","10","02",1.48858333333333
"201612","6884","11320","11320511","1","10","03",3.26466666666667
"201612","6884","11320","11320511","1","10","04",8.22808333333333
"201612","6884","11320","11320511","1","10","05",8.94575
"201612","6884","11320","11320511","1","10","06",3.41908333333333
"201612","6884","11320","11320511","1","20","00",50.941
"201612","6884","11320","11320511","1","20","01",0.805
"201612","6884","11320","11320511","1","20","02",3.737
"201612","6884","11320","11320511","1","20","03",7.92375
"201612","6884","11320","11320511","1","20","04",9.13416666666667
"201612","6884","11320","11320511","1","20","05",17.7485833333333
"201612","6884","11320","11320511","1","20","06",11.5925
"201612","6884","11320","11320511","1","30","00",70.0214166666667
"201612","6884","11320","11320511","1","30","01",0
"201612","6884","11320","11320511","1","30","02",9.2445
"201612","6884","11320","11320511","1","30","03",14.3321666666667
"201612","6884","11320","11320511","1","30","04",16.3259166666667
"201612","6884","11320","11320511","1","30","05",21.987
"201612","6884","11320","11320511","1","30","06",8.13183333333333
"201612","6884","11320","11320511","1","40","00",94.8678333333333
"201612","6884","11320","11320511","1","40","01",0
"201612","6884","11320","11320511","1","40","02",13.88825
"201612","6884","11320","11320511","1","40","03",19.73725
"201612","6884","11320","11320511","1","40","04",22.58725
"201612","6884","11320","11320511","1","40","05",29.12375
"201612","6884","11320","11320511","1","40","06",9.53133333333333
"201612","6884","11320","11320511","1","50","00",97.9930833333333
"201612","6884","11320","11320511","1","50","01",0
"201612","6884","11320","11320511","1","50","02",14.7048333333333
"201612","6884","11320","11320511","1","50","03",21.3909166666667
"201612","6884","11320","11320511","1","50","04",24.0374166666667
"201612","6884","11320","11320511","1","50","05",28.8545
"201612","6884","11320","11320511","1","50","06",9.00541666666667
"201612","6884","11320","11320511","1","60","00",58.469
"201612","6884","11320","11320511","1","60","01",0
"201612","6884","11320","11320511","1","60","02",8.86016666666667
"201612","6884","11320","11320511","1","60","03",15.9710833333333
"201612","6884","11320","11320511","1","60","04",16.978
"201612","6884","11320","11320511","1","60","05",15.2803333333333
"201612","6884","11320","11320511","1","60","06",1.37941666666667
"201612","6884","11320","11320511","2","00","00",291.842708333333
"201612","6884","11320","11320511","2","00","01",3.513125
"201612","6884","11320","11320511","2","00","02",27.5104166666667
"201612","6884","11320","11320511","2","00","03",65.8725
"201612","6884","11320","11320511","2","00","04",70.4652083333333
"201612","6884","11320","11320511","2","00","05",91.6995833333333
"201612","6884","11320","11320511","2","00","06",32.781875
"201612","6884","11320","11320511","2","10","00",22.8333333333333
"201612","6884","11320","11320511","2","10","01",0
"201612","6884","11320","11320511","2","10","02",0.229791666666667
"201612","6884","11320","11320511","2","10","03",4.989375
"201612","6884","11320","11320511","2","10","04",6.105625
"201612","6884","11320","11320511","2","10","05",7.77625
"201612","6884","11320","11320511","2","10","06",3.73229166666667
"201612","6884","11320","11320511","2","20","00",45.6416666666667
"201612","6884","11320","11320511","2","20","01",2.941875
"201612","6884","11320","11320511","2","20","02",1.59833333333333
"201612","6884","11320","11320511","2","20","03",7.58895833333333
"201612","6884","11320","11320511","2","20","04",8.78458333333333
"201612","6884","11320","11320511","2","20","05",14.821875
"201612","6884","11320","11320511","2","20","06",9.90604166666667
"201612","6884","11320","11320511","2","30","00",48.9364583333333
"201612","6884","11320","11320511","2","30","01",0.57125
"201612","6884","11320","11320511","2","30","02",4.37416666666667
"201612","6884","11320","11320511","2","30","03",11.65375
"201612","6884","11320","11320511","2","30","04",11.775
"201612","6884","11320","11320511","2","30","05",15.3608333333333
"201612","6884","11320","11320511","2","30","06",5.20145833333333
"201612","6884","11320","11320511","2","40","00",63.1979166666667
"201612","6884","11320","11320511","2","40","01",0
"201612","6884","11320","11320511","2","40","02",6.775625
"201612","6884","11320","11320511","2","40","03",14.585625
"201612","6884","11320","11320511","2","40","04",15.5927083333333
"201612","6884","11320","11320511","2","40","05",20.6220833333333
"201612","6884","11320","11320511","2","40","06",5.621875
"201612","6884","11320","11320511","2","50","00",72.7925
"201612","6884","11320","11320511","2","50","01",0
"201612","6884","11320","11320511","2","50","02",9.22
"201612","6884","11320","11320511","2","50","03",16.3752083333333
"201612","6884","11320","11320511","2","50","04",17.955625
"201612","6884","11320","11320511","2","50","05",22.5345833333333
"201612","6884","11320","11320511","2","50","06",6.70708333333333
"201612","6884","11320","11320511","2","60","00",38.4408333333333
"201612","6884","11320","11320511","2","60","01",0
"201612","6884","11320","11320511","2","60","02",5.3125
"201612","6884","11320","11320511","2","60","03",10.6795833333333
"201612","6884","11320","11320511","2","60","04",10.2516666666667
"201612","6884","11320","11320511","2","60","05",10.5839583333333
"201612","6884","11320","11320511","2","60","06",1.613125
"201612","6887","11320","11320511","1","00","00",436.1725
"201612","6887","11320","11320511","1","00","01",0.455
"201612","6887","11320","11320511","1","00","02",64.4695
"201612","6887","11320","11320511","1","00","03",89.49
"201612","6887","11320","11320511","1","00","04",103.6105
"201612","6887","11320","11320511","1","00","05",126.8795
"201612","6887","11320","11320511","1","00","06",51.268
"201612","6887","11320","11320511","1","10","00",36.102
"201612","6887","11320","11320511","1","10","01",0
"201612","6887","11320","11320511","1","10","02",3.8945
"201612","6887","11320","11320511","1","10","03",4.849
"201612","6887","11320","11320511","1","10","04",11.134
"201612","6887","11320","11320511","1","10","05",11.774
"201612","6887","11320","11320511","1","10","06",4.4505
"201612","6887","11320","11320511","1","20","00",62.45
"201612","6887","11320","11320511","1","20","01",0.455
"201612","6887","11320","11320511","1","20","02",5.072
"201612","6887","11320","11320511","1","20","03",12.404
"201612","6887","11320","11320511","1","20","04",13.285
"201612","6887","11320","11320511","1","20","05",17.884
"201612","6887","11320","11320511","1","20","06",13.35
"201612","6887","11320","11320511","1","30","00",71.5805
"201612","6887","11320","11320511","1","30","01",0
"201612","6887","11320","11320511","1","30","02",11.468
"201612","6887","11320","11320511","1","30","03",14.258
"201612","6887","11320","11320511","1","30","04",14.9075
"201612","6887","11320","11320511","1","30","05",20.5905
"201612","6887","11320","11320511","1","30","06",10.3565
"201612","6887","11320","11320511","1","40","00",89.9155
"201612","6887","11320","11320511","1","40","01",0
"201612","6887","11320","11320511","1","40","02",14.6755
"201612","6887","11320","11320511","1","40","03",17.308
"201612","6887","11320","11320511","1","40","04",20.479
"201612","6887","11320","11320511","1","40","05",26.9685
"201612","6887","11320","11320511","1","40","06",10.4845
"201612","6887","11320","11320511","1","50","00",98.2875
"201612","6887","11320","11320511","1","50","01",0
"201612","6887","11320","11320511","1","50","02",15.899
"201612","6887","11320","11320511","1","50","03",20.3305
"201612","6887","11320","11320511","1","50","04",22.6025
"201612","6887","11320","11320511","1","50","05",29.026
"201612","6887","11320","11320511","1","50","06",10.4295
"201612","6887","11320","11320511","1","60","00",77.837
"201612","6887","11320","11320511","1","60","01",0
"201612","6887","11320","11320511","1","60","02",13.4605
"201612","6887","11320","11320511","1","60","03",20.3405
"201612","6887","11320","11320511","1","60","04",21.2025
"201612","6887","11320","11320511","1","60","05",20.6365
"201612","6887","11320","11320511","1","60","06",2.197
"201612","6887","11320","11320511","2","00","00",347.22875
"201612","6887","11320","11320511","2","00","01",2.96625
"201612","6887","11320","11320511","2","00","02",38.905
"201612","6887","11320","11320511","2","00","03",78.0925
"201612","6887","11320","11320511","2","00","04",79.17875
"201612","6887","11320","11320511","2","00","05",102.925
"201612","6887","11320","11320511","2","00","06",45.16125
"201612","6887","11320","11320511","2","10","00",28.39375
"201612","6887","11320","11320511","2","10","01",0
"201612","6887","11320","11320511","2","10","02",0.32
"201612","6887","11320","11320511","2","10","03",6.73625
"201612","6887","11320","11320511","2","10","04",7.9125
"201612","6887","11320","11320511","2","10","05",9.15625
"201612","6887","11320","11320511","2","10","06",4.26875
"201612","6887","11320","11320511","2","20","00",60.68375
"201612","6887","11320","11320511","2","20","01",2.96625
"201612","6887","11320","11320511","2","20","02",2.2225
"201612","6887","11320","11320511","2","20","03",11.4575
"201612","6887","11320","11320511","2","20","04",13.0975
"201612","6887","11320","11320511","2","20","05",17.68
"201612","6887","11320","11320511","2","20","06",13.26
"201612","6887","11320","11320511","2","30","00",58.73375
"201612","6887","11320","11320511","2","30","01",0
"201612","6887","11320","11320511","2","30","02",6.26625
"201612","6887","11320","11320511","2","30","03",13.60125
"201612","6887","11320","11320511","2","30","04",13.26
"201612","6887","11320","11320511","2","30","05",17.84
"201612","6887","11320","11320511","2","30","06",7.76625
"201612","6887","11320","11320511","2","40","00",66.89
"201612","6887","11320","11320511","2","40","01",0
"201612","6887","11320","11320511","2","40","02",9.265
"201612","6887","11320","11320511","2","40","03",14.8625
"201612","6887","11320","11320511","2","40","04",14.5425
"201612","6887","11320","11320511","2","40","05",20.0625
"201612","6887","11320","11320511","2","40","06",8.1575
"201612","6887","11320","11320511","2","50","00",73.12875
"201612","6887","11320","11320511","2","50","01",0
"201612","6887","11320","11320511","2","50","02",11.08375
"201612","6887","11320","11320511","2","50","03",15.56875
"201612","6887","11320","11320511","2","50","04",15.575
"201612","6887","11320","11320511","2","50","05",21.415
"201612","6887","11320","11320511","2","50","06",9.48625
"201612","6887","11320","11320511","2","60","00",59.39875
"201612","6887","11320","11320511","2","60","01",0
"201612","6887","11320","11320511","2","60","02",9.7475
"201612","6887","11320","11320511","2","60","03",15.86625
"201612","6887","11320","11320511","2","60","04",14.79125
"201612","6887","11320","11320511","2","60","05",16.77125
"201612","6887","11320","11320511","2","60","06",2.2225
"201612","6921","11320","11320511","1","00","00",372.183
"201612","6921","11320","11320511","1","00","01",0.454
"201612","6921","11320","11320511","1","00","02",53.4326
"201612","6921","11320","11320511","1","00","03",75.5152
"201612","6921","11320","11320511","1","00","04",88.6658
"201612","6921","11320","11320511","1","00","05",109.7384
"201612","6921","11320","11320511","1","00","06",44.377
"201612","6921","11320","11320511","1","10","00",27.7776
"201612","6921","11320","11320511","1","10","01",0
"201612","6921","11320","11320511","1","10","02",2.8088
"201612","6921","11320","11320511","1","10","03",3.3846
"201612","6921","11320","11320511","1","10","04",8.7414
"201612","6921","11320","11320511","1","10","05",9.129
"201612","6921","11320","11320511","1","10","06",3.7138
"201612","6921","11320","11320511","1","20","00",54.9816
"201612","6921","11320","11320511","1","20","01",0.443
"201612","6921","11320","11320511","1","20","02",3.9278
"201612","6921","11320","11320511","1","20","03",10.6942
"201612","6921","11320","11320511","1","20","04",11.671
"201612","6921","11320","11320511","1","20","05",16.4194
"201612","6921","11320","11320511","1","20","06",11.8262
"201612","6921","11320","11320511","1","30","00",62.0266
"201612","6921","11320","11320511","1","30","01",0.011
"201612","6921","11320","11320511","1","30","02",9.6802
"201612","6921","11320","11320511","1","30","03",12.289
"201612","6921","11320","11320511","1","30","04",12.9124
"201612","6921","11320","11320511","1","30","05",18.2076
"201612","6921","11320","11320511","1","30","06",8.9264
"201612","6921","11320","11320511","1","40","00",77.7538
"201612","6921","11320","11320511","1","40","01",0
"201612","6921","11320","11320511","1","40","02",12.245
"201612","6921","11320","11320511","1","40","03",14.4034
"201612","6921","11320","11320511","1","40","04",17.9158
"201612","6921","11320","11320511","1","40","05",24.0058
"201612","6921","11320","11320511","1","40","06",9.1838
"201612","6921","11320","11320511","1","50","00",83.8646
"201612","6921","11320","11320511","1","50","01",0
"201612","6921","11320","11320511","1","50","02",13.5916
"201612","6921","11320","11320511","1","50","03",17.0784
"201612","6921","11320","11320511","1","50","04",19.3612
"201612","6921","11320","11320511","1","50","05",25.0366
"201612","6921","11320","11320511","1","50","06",8.7968
"201612","6921","11320","11320511","1","60","00",65.7788
"201612","6921","11320","11320511","1","60","01",0
"201612","6921","11320","11320511","1","60","02",11.1792
"201612","6921","11320","11320511","1","60","03",17.6656
"201612","6921","11320","11320511","1","60","04",18.064
"201612","6921","11320","11320511","1","60","05",16.94
"201612","6921","11320","11320511","1","60","06",1.93
"201612","6921","11320","11320511","2","00","00",295.389
"201612","6921","11320","11320511","2","00","01",3.1655
"201612","6921","11320","11320511","2","00","02",31.163
"201612","6921","11320","11320511","2","00","03",65.7405
"201612","6921","11320","11320511","2","00","04",67.5815
"201612","6921","11320","11320511","2","00","05",89.316
"201612","6921","11320","11320511","2","00","06",38.4225
"201612","6921","11320","11320511","2","10","00",22.655
"201612","6921","11320","11320511","2","10","01",0.0275
"201612","6921","11320","11320511","2","10","02",0.228
"201612","6921","11320","11320511","2","10","03",4.9085
"201612","6921","11320","11320511","2","10","04",6.351
"201612","6921","11320","11320511","2","10","05",7.701
"201612","6921","11320","11320511","2","10","06",3.439
"201612","6921","11320","11320511","2","20","00",53.6495
"201612","6921","11320","11320511","2","20","01",2.9455
"201612","6921","11320","11320511","2","20","02",1.64
"201612","6921","11320","11320511","2","20","03",9.911
"201612","6921","11320","11320511","2","20","04",11.648
"201612","6921","11320","11320511","2","20","05",15.7475
"201612","6921","11320","11320511","2","20","06",11.7575
"201612","6921","11320","11320511","2","30","00",51.1105
"201612","6921","11320","11320511","2","30","01",0.11
"201612","6921","11320","11320511","2","30","02",5.2185
"201612","6921","11320","11320511","2","30","03",11.6145
"201612","6921","11320","11320511","2","30","04",11.73
"201612","6921","11320","11320511","2","30","05",15.861
"201612","6921","11320","11320511","2","30","06",6.5765
"201612","6921","11320","11320511","2","40","00",56.528
"201612","6921","11320","11320511","2","40","01",0.0275
"201612","6921","11320","11320511","2","40","02",7.371
"201612","6921","11320","11320511","2","40","03",12.5255
"201612","6921","11320","11320511","2","40","04",12.381
"201612","6921","11320","11320511","2","40","05",17.365
"201612","6921","11320","11320511","2","40","06",6.858
"201612","6921","11320","11320511","2","50","00",61.4845
"201612","6921","11320","11320511","2","50","01",0.055
"201612","6921","11320","11320511","2","50","02",8.9825
"201612","6921","11320","11320511","2","50","03",13.0735
"201612","6921","11320","11320511","2","50","04",13.0015
"201612","6921","11320","11320511","2","50","05",18.3415
"201612","6921","11320","11320511","2","50","06",8.0305
"201612","6921","11320","11320511","2","60","00",49.9615
"201612","6921","11320","11320511","2","60","01",0
"201612","6921","11320","11320511","2","60","02",7.723
"201612","6921","11320","11320511","2","60","03",13.7075
"201612","6921","11320","11320511","2","60","04",12.47
"201612","6921","11320","11320511","2","60","05",14.3
"201612","6921","11320","11320511","2","60","06",1.761
"201612","6950","11320","11320511","1","00","00",517.90475
"201612","6950","11320","11320511","1","00","01",4.48725
"201612","6950","11320","11320511","1","00","02",85.3825
"201612","6950","11320","11320511","1","00","03",103.034
"201612","6950","11320","11320511","1","00","04",118.64875
"201612","6950","11320","11320511","1","00","05",149.3105
"201612","6950","11320","11320511","1","00","06",57.04175
"201612","6950","11320","11320511","1","10","00",49.71225
"201612","6950","11320","11320511","1","10","01",0.5685
"201612","6950","11320","11320511","1","10","02",6.93575
"201612","6950","11320","11320511","1","10","03",7.3515
"201612","6950","11320","11320511","1","10","04",13.56475
"201612","6950","11320","11320511","1","10","05",14.5995
"201612","6950","11320","11320511","1","10","06",6.69225
"201612","6950","11320","11320511","1","20","00",67.38525
"201612","6950","11320","11320511","1","20","01",1.797
"201612","6950","11320","11320511","1","20","02",7.99375
"201612","6950","11320","11320511","1","20","03",12.09025
"201612","6950","11320","11320511","1","20","04",13.11475
"201612","6950","11320","11320511","1","20","05",19.512
"201612","6950","11320","11320511","1","20","06",12.8775
"201612","6950","11320","11320511","1","30","00",84.78425
"201612","6950","11320","11320511","1","30","01",0.72275
"201612","6950","11320","11320511","1","30","02",14.19225
"201612","6950","11320","11320511","1","30","03",16.39025
"201612","6950","11320","11320511","1","30","04",17.807
"201612","6950","11320","11320511","1","30","05",25.0975
"201612","6950","11320","11320511","1","30","06",10.5745
"201612","6950","11320","11320511","1","40","00",111.631
"201612","6950","11320","11320511","1","40","01",0.68675
"201612","6950","11320","11320511","1","40","02",18.98475
"201612","6950","11320","11320511","1","40","03",21.386
"201612","6950","11320","11320511","1","40","04",25.2725
"201612","6950","11320","11320511","1","40","05",33.432
"201612","6950","11320","11320511","1","40","06",11.869
"201612","6950","11320","11320511","1","50","00",112.93825
"201612","6950","11320","11320511","1","50","01",0.71225
"201612","6950","11320","11320511","1","50","02",19.845
"201612","6950","11320","11320511","1","50","03",23.321
"201612","6950","11320","11320511","1","50","04",25.6495
"201612","6950","11320","11320511","1","50","05",32.33725
"201612","6950","11320","11320511","1","50","06",11.07325
"201612","6950","11320","11320511","1","60","00",91.45375
"201612","6950","11320","11320511","1","60","01",0
"201612","6950","11320","11320511","1","60","02",17.431
"201612","6950","11320","11320511","1","60","03",22.495
"201612","6950","11320","11320511","1","60","04",23.24025
"201612","6950","11320","11320511","1","60","05",24.33225
"201612","6950","11320","11320511","1","60","06",3.95525
"201612","6950","11320","11320511","2","00","00",412.925
"201612","6950","11320","11320511","2","00","01",8.663125
"201612","6950","11320","11320511","2","00","02",52.744375
"201612","6950","11320","11320511","2","00","03",91.129375
"201612","6950","11320","11320511","2","00","04",91.1
"201612","6950","11320","11320511","2","00","05",117.89875
"201612","6950","11320","11320511","2","00","06",51.389375
"201612","6950","11320","11320511","2","10","00",41.576875
"201612","6950","11320","11320511","2","10","01",0.6525
"201612","6950","11320","11320511","2","10","02",3.00625
"201612","6950","11320","11320511","2","10","03",9.846875
"201612","6950","11320","11320511","2","10","04",9.631875
"201612","6950","11320","11320511","2","10","05",12.1275
"201612","6950","11320","11320511","2","10","06",6.311875
"201612","6950","11320","11320511","2","20","00",64.75375
"201612","6950","11320","11320511","2","20","01",3.7325
"201612","6950","11320","11320511","2","20","02",4.7175
"201612","6950","11320","11320511","2","20","03",12.23
"201612","6950","11320","11320511","2","20","04",13.319375
"201612","6950","11320","11320511","2","20","05",17.9325
"201612","6950","11320","11320511","2","20","06",12.821875
"201612","6950","11320","11320511","2","30","00",67.744375
"201612","6950","11320","11320511","2","30","01",1.730625
"201612","6950","11320","11320511","2","30","02",8.281875
"201612","6950","11320","11320511","2","30","03",15.146875
"201612","6950","11320","11320511","2","30","04",14.690625
"201612","6950","11320","11320511","2","30","05",19.36875
"201612","6950","11320","11320511","2","30","06",8.525625
"201612","6950","11320","11320511","2","40","00",81.21375
"201612","6950","11320","11320511","2","40","01",1.24125
"201612","6950","11320","11320511","2","40","02",11.20875
"201612","6950","11320","11320511","2","40","03",17.535
"201612","6950","11320","11320511","2","40","04",17.905
"201612","6950","11320","11320511","2","40","05",23.816875
"201612","6950","11320","11320511","2","40","06",9.506875
"201612","6950","11320","11320511","2","50","00",87.365
"201612","6950","11320","11320511","2","50","01",1.30625
"201612","6950","11320","11320511","2","50","02",13.970625
"201612","6950","11320","11320511","2","50","03",18.539375
"201612","6950","11320","11320511","2","50","04",18.6775
"201612","6950","11320","11320511","2","50","05",24.758125
"201612","6950","11320","11320511","2","50","06",10.113125
"201612","6950","11320","11320511","2","60","00",70.27125
"201612","6950","11320","11320511","2","60","01",0
"201612","6950","11320","11320511","2","60","02",11.559375
"201612","6950","11320","11320511","2","60","03",17.83125
"201612","6950","11320","11320511","2","60","04",16.875625
"201612","6950","11320","11320511","2","60","05",19.895
"201612","6950","11320","11320511","2","60","06",4.11
"201612","6960","11320","11320511","1","00","00",281.1868
"201612","6960","11320","11320511","1","00","01",2.0166
"201612","6960","11320","11320511","1","00","02",44.6492
"201612","6960","11320","11320511","1","00","03",56.04
"201612","6960","11320","11320511","1","00","04",64.9396
"201612","6960","11320","11320511","1","00","05",82.207
"201612","6960","11320","11320511","1","00","06",31.3344
"201612","6960","11320","11320511","1","10","00",27.0206
"201612","6960","11320","11320511","1","10","01",0.27
"201612","6960","11320","11320511","1","10","02",3.6238
"201612","6960","11320","11320511","1","10","03",3.9682
"201612","6960","11320","11320511","1","10","04",7.4778
"201612","6960","11320","11320511","1","10","05",8.0184
"201612","6960","11320","11320511","1","10","06",3.6624
"201612","6960","11320","11320511","1","20","00",37.8088
"201612","6960","11320","11320511","1","20","01",0.8016
"201612","6960","11320","11320511","1","20","02",3.8706
"201612","6960","11320","11320511","1","20","03",7.0938
"201612","6960","11320","11320511","1","20","04",7.58
"201612","6960","11320","11320511","1","20","05",11.0448
"201612","6960","11320","11320511","1","20","06",7.418
"201612","6960","11320","11320511","1","30","00",46.3484
"201612","6960","11320","11320511","1","30","01",0.297
"201612","6960","11320","11320511","1","30","02",7.5684
"201612","6960","11320","11320511","1","30","03",9.092
"201612","6960","11320","11320511","1","30","04",9.7684
"201612","6960","11320","11320511","1","30","05",13.7124
"201612","6960","11320","11320511","1","30","06",5.9102
"201612","6960","11320","11320511","1","40","00",60.825
"201612","6960","11320","11320511","1","40","01",0.324
"201612","6960","11320","11320511","1","40","02",10.0194
"201612","6960","11320","11320511","1","40","03",11.3014
"201612","6960","11320","11320511","1","40","04",13.724
"201612","6960","11320","11320511","1","40","05",18.9702
"201612","6960","11320","11320511","1","40","06",6.486
"201612","6960","11320","11320511","1","50","00",60.659
"201612","6960","11320","11320511","1","50","01",0.324
"201612","6960","11320","11320511","1","50","02",10.573
"201612","6960","11320","11320511","1","50","03",12.342
"201612","6960","11320","11320511","1","50","04",13.7502
"201612","6960","11320","11320511","1","50","05",17.7958
"201612","6960","11320","11320511","1","50","06",5.874
"201612","6960","11320","11320511","1","60","00",48.525
"201612","6960","11320","11320511","1","60","01",0
"201612","6960","11320","11320511","1","60","02",8.994
"201612","6960","11320","11320511","1","60","03",12.2426
"201612","6960","11320","11320511","1","60","04",12.6392
"201612","6960","11320","11320511","1","60","05",12.6654
"201612","6960","11320","11320511","1","60","06",1.9838
"201612","6960","11320","11320511","2","00","00",219.2435
"201612","6960","11320","11320511","2","00","01",3.7055
"201612","6960","11320","11320511","2","00","02",26.288
"201612","6960","11320","11320511","2","00","03",49.0415
"201612","6960","11320","11320511","2","00","04",48.9815
"201612","6960","11320","11320511","2","00","05",64.0025
"201612","6960","11320","11320511","2","00","06",27.2245
"201612","6960","11320","11320511","2","10","00",21.967
"201612","6960","11320","11320511","2","10","01",0.271
"201612","6960","11320","11320511","2","10","02",1.357
"201612","6960","11320","11320511","2","10","03",5.265
"201612","6960","11320","11320511","2","10","04",5.1315
"201612","6960","11320","11320511","2","10","05",6.5925
"201612","6960","11320","11320511","2","10","06",3.35
"201612","6960","11320","11320511","2","20","00",35.493
"201612","6960","11320","11320511","2","20","01",1.599
"201612","6960","11320","11320511","2","20","02",2.1865
"201612","6960","11320","11320511","2","20","03",6.7415
"201612","6960","11320","11320511","2","20","04",7.551
"201612","6960","11320","11320511","2","20","05",10.068
"201612","6960","11320","11320511","2","20","06",7.347
"201612","6960","11320","11320511","2","30","00",36.5665
"201612","6960","11320","11320511","2","30","01",0.7475
"201612","6960","11320","11320511","2","30","02",4.14
"201612","6960","11320","11320511","2","30","03",8.252
"201612","6960","11320","11320511","2","30","04",8.2295
"201612","6960","11320","11320511","2","30","05",10.814
"201612","6960","11320","11320511","2","30","06",4.3835
"201612","6960","11320","11320511","2","40","00",43.5335
"201612","6960","11320","11320511","2","40","01",0.544
"201612","6960","11320","11320511","2","40","02",5.874
"201612","6960","11320","11320511","2","40","03",9.537
"201612","6960","11320","11320511","2","40","04",9.6055
"201612","6960","11320","11320511","2","40","05",13.0245
"201612","6960","11320","11320511","2","40","06",4.9485
"201612","6960","11320","11320511","2","50","00",45.719
"201612","6960","11320","11320511","2","50","01",0.544
"201612","6960","11320","11320511","2","50","02",7.038
"201612","6960","11320","11320511","2","50","03",9.781
"201612","6960","11320","11320511","2","50","04",9.76
"201612","6960","11320","11320511","2","50","05",13.246
"201612","6960","11320","11320511","2","50","06",5.35
"201612","6960","11320","11320511","2","60","00",35.9645
"201612","6960","11320","11320511","2","60","01",0
"201612","6960","11320","11320511","2","60","02",5.6925
"201612","6960","11320","11320511","2","60","03",9.465
"201612","6960","11320","11320511","2","60","04",8.704
"201612","6960","11320","11320511","2","60","05",10.2575
"201612","6960","11320","11320511","2","60","06",1.8455
"201612","6961","11320","11320511","1","00","00",139.06
"201612","6961","11320","11320511","1","00","01",0.136
"201612","6961","11320","11320511","1","00","02",21.284
"201612","6961","11320","11320511","1","00","03",27.744
"201612","6961","11320","11320511","1","00","04",32.436
"201612","6961","11320","11320511","1","00","05",41.616
"201612","6961","11320","11320511","1","00","06",15.844
"201612","6961","11320","11320511","1","10","00",12.104
"201612","6961","11320","11320511","1","10","01",0
"201612","6961","11320","11320511","1","10","02",1.292
"201612","6961","11320","11320511","1","10","03",1.768
"201612","6961","11320","11320511","1","10","04",3.604
"201612","6961","11320","11320511","1","10","05",3.672
"201612","6961","11320","11320511","1","10","06",1.768
"201612","6961","11320","11320511","1","20","00",20.604
"201612","6961","11320","11320511","1","20","01",0.136
"201612","6961","11320","11320511","1","20","02",2.244
"201612","6961","11320","11320511","1","20","03",4.08
"201612","6961","11320","11320511","1","20","04",4.08
"201612","6961","11320","11320511","1","20","05",5.984
