id,xcoord,ycoord
"126",203620.360818263,551124.734896622
"127",203657.575346886,551296.860981642
"128",203662.420362026,551328.671963589
"139",203669.449651114,551364.485965636
"281",202700.230050356,550885.035056295
"282",202687.136573409,550874.428268427
"283",202722.395206109,550879.430019737
"284",202928.003500008,550780.718389009
"291",204586.325711833,549162.050227788
"292",204591.07588686,549177.901282766
"293",204615.17111463,549213.869383273
"310",204581.786010302,549326.303170198
"311",204521.629565103,549193.147298137
"312",204526.795434299,549177.37286708
"313",204507.192137006,549160.920769016
"314",204504.698806686,549167.481147431
"315",204657.305147456,549171.222165711
"450",205340.979765959,548543.982272834
"451",204262.326110799,551286.602081218
"452",203145.139573139,551601.28117236
"1025",202178.81297979,550763.581361288
"1038",204302.644123501,549717.536502171
"1050",206202.714964284,550430.770477082
"1051",202908.673326113,551889.613545304
"1052",202959.562921916,552087.970940568
"1053",202975.438948408,552105.987164855
"1054",203094.100814841,552011.742894912
"1082",201517.021160017,549245.524735405
"1083",201483.902727737,549235.531204059
"1084",205608.158510759,549655.439873376
"1085",201714.032131592,550137.207993303
"1102",204316.852145138,551431.152475772
"1457",202968.420773978,550662.748260369
"1471",202992.103367545,550708.997659061
"1472",202973.96510206,550739.184819789
"1473",202943.919376374,550626.837872763
"1521",203732.866856628,549215.563941253
"1537",203042.972653271,551700.019844313
"1597",202955.764647036,550762.232679569
"1598",202829.283695656,550567.366982751
"1599",202795.565518665,550545.367287923
"1600",203908.810744902,549539.644346538
"1601",203860.1977611,549553.223998323
"1620",203831.979096579,549557.590384726
"1621",203824.671365303,549508.010041569
"1622",203817.694370959,549520.450001939
"1623",203787.885055289,549370.294995782
"1772",203586.005593202,552092.752458784
"1868",204973.478156362,548769.703505976
"1878",201327.373209382,549331.57828506
"2168",203422.72253705,552452.363221038
"2171",203435.859268708,552451.778144182
"2931",203673.709247231,551735.548845555
"3075",205113.376768808,551463.088068513
"3419",205336.714612253,549290.921450951
"3420",205344.295783767,549320.370798927
"3433",205136.008550654,549808.255591222
"3508",205312.902156022,549859.567916019
"3565",205553.687300025,549479.84705954
"3566",202745.38037957,552028.45818117
"3567",205689.807299418,549438.300094523
"3570",205700.766326379,549433.894381476
"3584",204554.039226171,548735.020619317
"3585",204273.036575351,548797.145530647
"3586",204360.132622632,548764.996433687
"3605",204547.499886463,548720.278064228
"3638",203199.195955607,551693.50906712
"3639",203225.319990387,551692.757335299
"3686",204576.446671952,548922.874845028
"3734",205039.558871715,551306.787870585
"3751",204409.268466813,550700.81452643
"3754",203270.591432164,551970.307207482
"3845",204626.379388773,548714.038184117
"3860",204455.095680024,548938.499619499
"3911",204257.904803889,549020.862840475
"3912",204246.528258577,549006.284241215
"3913",204236.34322094,549013.09476383
"3954",202835.196517627,551900.900546973
"3955",203189.833103575,551595.963393647
"4058",204457.432517891,548958.867309514
"4166",204382.574415832,548960.729584773
"4167",204261.920337469,549004.92286128
"6510",203038.245204527,551658.156597245
"7343",205132.159603689,551454.449532382
"7344",205239.043890955,551394.575252186
"7563",204099.302343193,548857.194436961
"7568",204168.559045462,548840.334937407
"7569",204716.465040055,548690.626304943
"7570",204058.063872187,549093.415852911
"7571",204792.087244243,548679.438457064
"7572",204801.383755754,548667.049766121
"7578",203020.87054027,550291.046543491
"7579",203530.492700194,549830.273948529
"7580",204809.619018982,548676.026153145
"7581",204808.030446351,548681.698390651
"7582",204873.680036989,548647.704503112
"7583",204889.590772225,548646.843415847
"7584",204903.344611446,548636.187218471
"7585",204906.561159942,548633.147968309
"7586",204888.834219785,548630.222724708
"7587",204763.405153716,548565.733001147
"7588",205085.710911364,548576.178722051
"7598",203109.304627507,550325.059814169
"7599",203081.158959513,550317.173173192
"7649",203217.38066161,549779.781011545
"7704",201917.06250896,549738.920621152
"7705",201903.121226981,549721.997265525
"7725",204891.497978781,549837.48160245
"7742",204161.571217329,551770.706881341
"7761",201488.898736645,549877.78794172
"7762",201467.412636429,549895.61787948
"7763",201392.575397091,549809.186783235
"7847",204926.521519586,551466.356368846
"7880",205239.245521679,548555.150210324
"7881",205177.788579903,548556.879522407
"7911",204449.3944696,550180.267739028
"7912",204604.198966657,550135.122487938
"7913",204669.90435382,550120.647865331
"7914",204574.999850328,550020.386843597
"7922",204571.754617965,550000.185459306
"7923",204558.410438405,550018.491650016
"8004",205275.861136076,548690.580172341
"8047",203604.395171944,550893.278815848
"8067",202535.042116225,549949.946938088
"8074",202551.471653777,549964.754660705
"8139",204269.070185951,551296.341341102
"8140",204246.946908768,551285.38689667
"8152",202214.173189315,550308.900493783
"8153",201888.938412613,549863.330906205
"8162",201660.711046549,549655.898933094
"8173",202295.637566564,549846.942576234
"8174",202264.17173772,549864.692503339
"8181",202683.169212834,550040.26436101
"8182",202722.208463658,550037.923711746
"8185",202076.086895303,549855.72349855
"8186",201844.290280172,550259.688864045
"8187",201726.057490229,549885.792344043
"8188",201751.10750175,549864.706105212
"8189",201709.916885956,549864.313463285
"8190",201875.335703099,549845.460732743
"8191",201943.773183815,549864.83721096
"8204",200996.188442531,549064.658502883
"8205",202718.258102145,550941.126764351
"8206",204572.458027187,551972.829368865
"8219",201138.949365517,549040.507091373
"8220",203987.462716648,551858.3048438
"8228",202644.824678059,550905.379413433
"8229",202659.071996857,550913.725846825
"8230",202690.637770071,550908.437612614
"8232",204057.978387905,551262.088675465
"8233",203910.469671217,551291.771161788
"8275",201794.066881031,550532.939382207
"8276",201768.488286974,550543.626399927
"8277",201713.958270575,550386.917945199
"8290",201724.962535421,550384.288784413
"8291",201716.619150812,550372.613948065
"8300",201540.752367385,550720.438004742
"8316",203538.372351857,551801.821116652
"8327",203683.81909899,551621.59537392
"8390",205211.308280712,549341.481417502
"8409",202090.759403786,551234.678298915
"8410",202090.597644818,551083.237748081
"8411",202088.698588313,551027.962129164
"8417",202504.942871049,550791.113404436
"8434",205743.106584553,549414.43084227
"8435",204867.084684356,548893.906098583
"8436",204971.540877117,549177.123993704
"8437",204974.279029937,549199.600082528
"8438",204786.335698129,549258.154064273
"8451",205545.29334632,548973.421537657
"8481",204622.29270789,549584.620814943
"8482",204495.487483675,549748.375216459
"8483",204447.8339272,549616.557137087
"8498",204359.134161417,549296.715598159
"8499",204357.789637309,549324.415904169
"8501",204459.333168495,549658.153741866
"8502",204472.98562419,549645.090153442
"8508",203639.475116231,551134.258860787
"8510",201368.49487922,549384.459483165
"8511",201328.935139249,549363.215166727
"8512",201221.982793828,549327.892971352
"8520",202960.563366487,550997.687090255
"8521",202955.450362709,550975.788468672
"8522",203654.831064298,551178.848345423
"8523",203686.14700853,551163.349356141
"8524",201497.676328656,549496.467563709
"8525",201516.326989073,549503.82945856
"8532",203018.910773063,551001.477567936
"8533",203087.52778327,551027.487493056
"8534",202984.877356182,551124.922007811
"8557",203049.126757412,551390.718259541
"8558",202996.928539741,551398.906620396
"8559",203011.31074395,551420.585895019
"8560",202958.347649199,551461.791354959
"8564",204027.459614117,552066.814304512
"8565",205978.620254548,549939.218554106
"8568",203134.288420536,551254.892594546
"8572",205881.805124676,549848.580544677
"8577",203180.580512455,551018.47637935
"8580",202216.778552944,550665.011000682
"8598",202252.097141299,550671.5483103
"8599",202344.757626739,550723.223320849
"8600",202350.122718927,550701.765421515
"8607",202198.499846089,550630.531678612
"8614",204741.488960492,548873.270929477
"8615",204747.588052771,548863.817288564
"8648",204878.1785198,548819.047435596
"8697",201512.966282502,549128.754292313
"8698",201179.725740074,549038.310915644
"8699",201289.783141627,549033.806524842
"8700",201417.493733459,549071.968349088
"8701",201466.207710138,549092.387524717
"8702",201516.281289148,549091.983660892
"8716",206182.966070528,550395.275465159
"8735",206284.342228614,550610.57864293
"8737",204988.615513749,549420.706958547
"8738",205020.324300827,549350.79975663
"8739",205048.855303794,549399.322182123
"8750",205048.522533201,549434.696814547
"8751",205102.001932083,549667.473938987
"8754",203267.404334806,550468.674355084
"8755",203267.683544709,550478.08943006
"8756",203197.847814202,550528.504340212
"8757",203201.511440542,550530.05065963
"8758",203120.441776013,550590.064990206
"8759",203099.942883209,550596.817352329
"8769",205107.746846738,549656.996872675
"8770",205094.622738108,549644.440247776
"8771",204803.291616131,549579.384734882
"8772",204873.338729414,549761.610570264
"8775",203088.078976529,550594.48163518
"8776",203061.17468939,550566.61797528
"8777",203003.171069274,550555.247467444
"8778",202965.040175186,550488.960428806
"8801",203092.707948021,550754.565206915
"8802",203125.126096869,550753.658830978
"8803",203130.907884556,550758.637222633
"8966",203864.556046518,549840.252996497
"8967",203872.15023607,549849.565475382
"8968",203882.851699113,549839.09317739
"8969",203968.451122034,549873.289546641
"8977",203947.228428099,549868.024562011
"8978",203916.831657048,549850.010633026
"8991",203060.200234304,550540.090404144
"8992",201092.22250413,549256.373640785
"9289",203062.386703323,551851.54691793
"9290",203077.128617361,551849.150120256
"9291",203166.925970919,551851.216672555
"9292",203242.869844672,551974.914034718
"9322",202676.252893205,552022.809466836
"9323",202674.135717029,551973.466227214
"9339",202670.589884573,551763.950574993
"9352",202873.408373605,551515.05589735
"9353",202669.137618506,551687.596304609
"9363",202756.81454383,551577.16245313
"9364",202896.721828838,551568.657095879
"9486",204303.025436918,552224.856362856
"9489",204375.600018115,552159.732198382
"9556",201208.937427654,549333.990397809
"9657",203312.751037984,552288.667618811
"9658",203227.497747826,552479.650988473
"9659",203332.018021079,552390.070180454
"9666",204735.359576673,551818.319766774
"9715",203249.136665219,551884.842363962
"9737",206492.647710157,551087.363666032
"9739",203161.065047838,551835.509201533
"9740",203155.199312323,551789.912534735
"9741",203156.860525701,551785.07931649
"9742",203205.714954838,551775.47554372
"9743",203235.579932444,551778.034359701
"9819",203237.934738862,552215.452194737
"9820",203242.353801575,552214.323255241
"9821",203249.522957264,552206.778716048
"9822",203228.605578787,552131.240523173
"9823",203229.774980155,552127.598080355
"9824",203220.573567559,552117.825005488
"9825",203235.809817542,552203.671817837
"9856",202685.110769147,552120.9762473
"9857",202683.515098676,552178.403107146
"9986",201761.417057304,550617.173633791
"9997",204910.261164885,551655.86048541
"9998",204958.409662779,551528.970841886
"10011",203778.840030389,552312.260426575
"10012",203773.70875777,552309.366546407
"10411",206119.456487743,550251.47018154
"10438",201745.829416666,550553.7521859
"10442",202944.876444634,551884.032942809
"10448",202104.798862415,550967.333030968
"10449",204169.265810393,551257.629303513
"10493",203172.083872177,551014.169301155
"10494",202189.204303442,550892.855415826
"10514",204862.050967728,549766.81176959
"10516",203184.231389248,550561.645490058
"10517",203158.304521249,550746.749050797
"10577",203672.959139983,549830.599064479
"10741",204980.062151959,551593.232440202
"12276",204484.053167775,552056.012604172
"12350",202870.425837591,551487.997849799
"12423",205564.452541121,549831.339020907
"12440",204811.754794253,550058.89088008
"12441",204953.516430162,549983.637208892
"12442",204924.934908963,549898.830046201
"12479",201718.979012826,549135.711751791
"12493",201560.840265063,549100.781898963
"12496",203333.517765426,550448.367312905
"12508",203336.032598375,550439.927432796
"12509",203212.97960954,550277.408136307
"12510",203184.617845389,550254.212737033
"12511",204114.40950761,549059.422409544
"12575",202724.432969268,551916.767218855
"12581",202938.819765887,551869.616370458
"12621",202059.642827615,550690.870606447
"12631",205148.448652513,549901.67954922
"12682",204893.338673277,549831.126580283
"12683",205118.848579703,549796.597319324
"12695",205110.691372648,549758.980124977
"12696",205087.966683371,549660.762793819
"12697",205056.430228037,549672.087474431
"12698",204989.219197286,549684.958769501
"12699",204979.159068782,549685.756252472
"12700",204908.822142061,549740.616282045
"12701",204904.146745783,549732.496962566
"12702",204902.701102656,549740.860794321
"12746",205055.249884222,549490.152884671
"12747",205070.02534788,549483.269298217
"12748",205067.013546151,549495.503649993
"12799",201454.681838789,549892.165921036
"12823",204553.754145592,549989.831697328
"12883",205091.86551627,549589.631340389
"12893",201466.633843981,549711.508147632
"13105",204534.394955732,549875.569489576
"13136",203137.556873842,551026.142916249
"13137",203142.900086121,551015.017034491
"13138",203108.060207817,550940.598817264
"13277",205107.682712765,548897.771531544
"13279",204902.844481603,548951.358646709
"13310",203539.996166687,551783.538158791
"13347",205592.030123722,549195.362349781
"13348",205614.030072153,549130.351161209
"13349",203628.308849677,551156.725191245
"13393",201825.650489034,550580.787097009
"13424",204964.677536142,549192.472671725
"13425",204982.416683628,549186.455241816
"13426",204795.714756893,549247.677042737
"13432",203110.101590841,548916.282816154
"13433",203148.218978618,548895.988475538
"13533",206223.212225012,551215.233506071
"13535",201454.870348332,549113.530609818
"13536",201503.825032291,549118.226862012
"13537",201362.78717316,549279.874443449
"13553",204367.023294,549391.392862272
"13554",204363.194355288,549366.57689487
"13570",203941.594003104,549629.666766606
"13591",201815.1424189,550420.418031568
"13602",201833.666037147,550294.261984639
"13617",203259.635179202,551662.451867789
"13618",203271.168047035,551659.96837864
"13624",202714.495599545,551447.636778186
"13625",202715.962368766,551435.623399556
"13626",202728.410750079,551338.65095238
"13675",201547.546216279,549066.81624068
"13690",204476.019435908,551009.408170649
"13695",206102.576039709,550295.022089885
"13708",203084.198432496,551862.437005405
"13748",203911.82987038,551920.220099775
"13751",204352.021326671,549460.974030931
"13752",204364.185593114,549464.825939491
"13753",204377.479928384,549430.163262085
"13825",203024.856309094,552378.951951781
"13826",203128.307258454,552454.897359786
"13841",203896.423138038,549149.530017153
"13956",204358.589427318,551311.042382075
"13957",204356.253917483,551320.696756435
"14003",201739.263197512,549961.100136143
"14029",201793.831311807,550087.950500066
"14120",203842.516983696,551959.918943076
"14133",203640.516794584,551787.467699025
"14134",203671.225956059,551842.576838864
"14148",204345.976400348,551337.479475811
"14208",202157.552129369,550938.908591688
"14222",202288.33867023,550984.0027026
"14369",205097.017678575,548975.603094461
"14370",205099.023988826,548955.547102133
"14372",202099.058228416,550692.32901926
"14374",205100.35187694,548824.051656866
"14383",205108.250963252,548816.025063009
"14384",205106.514096746,548808.662241927
"14385",205088.378414136,548749.85205601
"14398",204044.352484895,552039.673404452
"14417",204043.230893873,552022.747749993
"14440",204049.392334302,549102.23298664
"14446",203964.032354422,551999.742508223
"14447",203983.383864787,551982.100266466
"14469",203775.581736931,551993.297924484
"14470",203780.584742577,551988.576230604
"14471",203793.817196238,551997.889024319
"14483",203791.097211082,551987.033250892
"14507",203255.625852522,551316.668199357
"14508",203672.603452194,551744.162809049
"14509",203626.00895026,551063.276099374
"14510",203608.999670382,551063.712655221
"14635",201566.628433465,549072.001281284
"14652",204892.122521707,548937.762409711
"14659",205097.364105807,549034.604686972
"14771",202619.322058999,550953.651873354
"14826",203023.310079439,550524.216519607
"14946",202114.407686236,551312.869488413
"15046",202647.497621706,550924.048663908
"15049",203252.878743875,551382.544922536
"15064",204254.194587405,551591.250326584
"15119",201595.122432806,549872.28426682
"15232",204716.229191574,549525.809664411
"15358",205063.284588851,551387.982973334
"15359",205068.151545157,551376.718909652
"15362",204936.932290678,551443.011557267
"15379",205063.577053497,551333.945793838
"15380",205026.863557161,551295.742967263
"15384",201742.613103761,550009.559447877
"15400",203123.008686939,550224.960767675
"15401",203146.64935429,551689.305640086
"15402",203108.395404447,550220.025329209
"15403",203139.370142828,550212.549256081
"15404",203140.862764096,550208.076650805
"15405",203135.054635079,551613.159896693
"15685",204059.762800166,548888.119018709
"15704",204089.316724539,548987.246497463
"15724",202876.545515409,550061.975288593
"15791",202139.800316681,550917.418570683
"15894",203244.119855367,549723.715031679
"16008",200986.180935672,549131.940017462
"16009",201025.457217514,548942.203342033
"16273",203130.651363424,551000.594159313
"16274",202193.806925199,551381.508737969
"16579",202764.759854808,550868.986882663
"16580",202772.174755856,550863.878547471
"16603",204739.591768203,549087.984179646
"16604",204716.786385562,549064.221054888
"16625",202205.436801048,550541.070752579
"16627",204954.560637341,551507.931772314
"16628",204330.539067654,551062.950007834
"16629",204349.815658594,551088.430647914
"17000",204744.750262604,548533.052984522
"17001",204764.609387993,548537.846969586
"17002",204538.434191598,549651.37508758
"17003",204528.676042203,549686.607221204
"17004",205603.113035995,549223.77199266
"17005",205472.621882214,549271.575080249
"17006",205108.567673514,549408.69386194
"17007",204882.87548345,549493.991714216
"17008",205465.66539455,549246.284304585
"17009",204274.28143641,550221.188471262
"17118",202059.764900927,549757.887575785
"17119",202035.879205419,549702.532541706
"17186",202238.501613443,550345.65126433
"17207",203410.758381552,552591.952238631
"17241",204710.790184403,548855.147293168
"17254",203704.268382857,551192.861257381
"17267",204945.877742153,548796.642977917
"17268",204871.154039931,548854.563928805
"17269",204791.545836405,548620.496115629
"17270",204778.116008756,548578.157599012
"17271",204724.856520255,548466.505478477
"17272",204741.515425,548469.707257481
"17273",204731.201982814,548487.199839219
"17274",204752.678810293,548503.330337011
"17351",203636.161093073,551770.643832358
"17377",203742.299777335,551824.263273994
"17378",203764.907396743,551799.190079793
"17560",203174.895374615,550992.390611888
"17561",203091.892128906,550972.265839438
"17562",203092.915375604,550955.107961943
"17587",203383.034678357,550450.033201292
"17588",205733.861362606,549518.269768933
"17601",205298.568457033,549577.187136622
"17602",205180.798213449,549620.288729231
"17603",205175.602351728,549631.917098535
"17616",205628.225525748,549273.532056103
"17659",201182.751138767,549027.944398386
"17953",204254.99837358,551294.441286486
"17954",204261.811521659,551296.634144631
"17955",204226.61557942,551270.852601302
"18024",201873.06216901,550453.181614661
"18054",201635.383975022,549129.314077682
"18060",201631.505757085,549155.943095855
"18061",201544.223065506,549160.940261933
"18062",201545.957025637,549135.382260714
"18075",202104.908819785,550359.702856149
"18076",201831.349650128,550419.59203145
"18092",204673.714887383,548990.900288334
"18093",204675.588947392,548986.776806278
"18094",204664.615653177,549006.569160063
"18095",204881.799702517,548886.568915524
"18098",206143.19422197,550297.260852296
"18099",206053.351494068,550291.567012275
"18121",203324.566424986,551311.544889223
"18122",203339.565509635,551299.363168411
"18123",203346.619277255,551298.842083884
"18124",203337.915002591,551316.310724601
"18142",203346.358156003,551292.185851636
"18143",203417.683172704,551472.257367229
"18144",203419.763513772,551454.008705086
"18145",203415.59130307,551478.383596666
"18146",203424.334911518,551418.681954517
"18147",203433.468731506,551363.393641766
"18148",203436.134106102,551354.888036222
"18149",203450.990925986,551316.031573708
"18173",203396.529655396,551572.193884507
"18397",204635.803782409,548949.669761185
"18398",204631.716855438,548960.548826108
"18631",202511.992022018,550803.587584201
"18664",204311.352500178,549679.024262952
"18870",202276.169534353,551769.686575447
"18871",202285.878558313,551896.099779591
"18872",202290.264497662,551763.349406331
"19113",202102.181685504,550313.377844324
"19114",202092.821628897,550306.421472936
"19115",202113.909740134,550292.047759312
"19116",202071.81128377,550240.869404233
"19142",202062.996045438,550239.325147689
"19143",202046.239531537,550168.327025142
"19144",202164.755516696,550107.892076724
"19148",202255.485670743,550274.952870416
"19149",202271.670507722,550163.709372733
"19179",203106.69650005,550197.461245245
"19267",203616.119816276,550870.229901183
"19301",204423.182476555,549579.811038106
"19502",203884.301364034,550131.813630879
"19577",203613.399090175,550836.520801637
"19578",203595.798280367,550698.361523341
"19583",203947.865588165,549780.112451147
"19611",203607.847312791,550717.722001923
"19623",203927.976077792,550048.069058146
"19640",204481.070255579,549707.28856148
"19712",203917.056193452,549879.064613175
"19716",205762.192667233,549839.998405896
"19806",203617.300092944,550801.083006331
"19895",203907.509575609,549962.256160276
"19896",204265.458601998,549072.263866746
"19911",204259.858630564,549055.401570377
"19940",203952.882519344,549738.844005262
"19956",205639.534456241,549861.307146321
"19957",203960.088819963,549676.558388007
"19986",201356.536374784,549527.903262757
"20095",201376.974572795,549609.123844187
"20097",201375.394586189,549584.237837731
"20098",201353.988905916,549537.068355726
"20099",201303.811631038,549609.495344584
"20218",205154.766185919,548728.170169424
"20232",204492.842279712,549801.569441601
"20233",204463.761411602,549713.825839437
"20321",203897.188585281,550035.549388629
"20322",203898.077334061,550014.373913963
"20406",202145.026975599,549499.364609599
"20524",205484.302715305,548853.646792804
"20528",202120.813798567,549509.713043761
"20529",202115.732057399,549509.892400222
"20530",202107.677726418,549484.454408211
"20531",202048.394442693,549674.493972701
"20578",204447.907455932,551092.789674272
"20735",205300.883930195,549860.646572761
"20741",203621.315445632,550886.227560025
"20742",203574.968884772,550895.600537415
"20759",204491.979583924,549812.481731996
"20875",202650.578139417,551610.844192169
"20982",202041.284215228,549374.335172192
"20984",203094.520295859,550285.080051173
"21117",202025.27909996,550162.976239098
"21118",202050.35127357,550158.170958657
"21144",202186.323640768,549708.845749833
"21145",202151.107384336,549761.031632534
"21150",204367.341924752,548975.643241881
"21181",202169.46472427,550686.572005528
"21185",202114.653584537,550687.855802262
"21187",202103.06491632,550671.351259013
"21267",204003.930834712,550205.775393211
"21296",203579.755958478,550936.152593434
"21498",204436.489829486,549573.487587994
"21506",202403.957512493,550530.884607345
"21544",203599.414969176,550622.611398201
"21545",203649.857756559,550499.412244853
"21546",203533.366835037,550596.763782312
"21583",203736.391732784,550475.207854792
"21615",203590.838243643,550604.984886293
"21643",203486.492138676,550528.878441945
"21644",203496.655883331,550529.496266135
"21674",203543.875595812,550610.881816717
"21685",203655.775038339,550503.304980241
"21686",203500.918084375,550543.448337757
"21701",204465.843165874,551084.383252304
"21750",203375.605276559,552579.112695213
"21754",205933.965711672,549863.584368939
"21765",202277.414849881,552311.561055718
"21791",204475.097365377,550738.438201102
"21803",202639.42066288,550880.795023974
"21807",204325.096583623,549688.601855762
"21809",204331.161741971,549696.840955193
"21858",204168.930397237,551784.691674793
"21859",203459.228681571,551802.434004195
"21860",202918.046424521,551883.873465489
"21861",202820.082521815,551897.241665808
"21862",202677.57676643,551916.889585457
"21863",202726.894888602,550062.05986953
"21949",202311.954808328,552229.425134637
"22007",202286.803674909,552076.466177461
"22099",202659.889104779,550896.565570834
"22100",202337.111969949,550713.698182784
"22104",202691.232194632,551588.046190652
"22116",202977.427902238,550992.875208979
"22184",203265.18354343,549788.892064653
"22185",203252.682710771,549785.921704535
"22209",203791.517069727,552319.115302408
"22210",202843.231540701,550960.307870185
"22211",204263.806705998,551608.593106
"22212",204039.178515119,552082.696117733
"22219",203954.261872032,552220.800667101
"22235",204071.675564882,552043.058654435
"22238",202491.776192275,551673.939153665
"22240",203534.566772708,552442.949099651
"22245",205403.036178528,548659.638352977
"22275",205379.159061188,548619.495702916
"22325",203143.156079256,551318.120805177
"22330",203157.900704152,551312.140487695
"22332",203155.490249214,551290.431510385
"22367",203912.739530961,550024.124874906
"22428",203903.832719799,550206.504909064
"22429",205452.302396936,549269.093526105
"22432",204601.436530606,548919.119100172
"22434",202994.308139491,550916.235117942
"22437",203920.925142765,549140.004885629
"22438",200984.179150792,549084.880085187
"22442",203908.811224571,549163.618314274
"22443",203929.311979487,549183.419257627
"22446",203375.860307272,552592.672504968
"22451",203211.157030835,549711.204521224
"22454",205789.719184234,549866.545268146
"22455",204434.826271055,549650.634626337
"22456",203998.243046554,550490.707801747
"22457",206014.412588392,551254.891021325
"22469",202174.283064244,550519.862590445
"22470",202172.025022708,550591.623449495
"22474",201871.082618136,550468.361829244
"22475",201889.759929699,550472.135649706
"22497",202960.231565164,550471.99811563
"22500",203935.108578482,550233.952320056
"22503",202756.227737295,550947.137368104
"22504",202290.861170444,552163.739247148
"22505",201951.440903411,550643.478075174
"22506",201510.018036698,549529.09659968
"22507",202342.483354733,552290.691981633
"22508",204365.297062783,551334.673933568
"22532",200995.262300297,549009.655905042
"22625",203067.527123922,551854.165757846
"22662",203108.145775923,551291.704270951
"22664",203551.347174467,551794.971032948
"22689",203031.157292299,551661.391836084
"22690",203049.741085986,551704.204103301
"22739",203178.407623204,549419.364009366
"22740",203221.450635177,549388.399099882
"22768",201643.382675117,549649.024557637
"22769",202333.629057288,552285.174692698
"22770",202330.909708612,552307.532242592
"22771",202267.52077555,552325.393683228
"22778",202080.95186601,552057.737877103
"22783",203364.83759835,552466.605735337
"22860",201407.222620611,549503.059414897
"22862",201375.780418391,549528.186349523
"22863",201367.071931034,549556.102004619
"22926",206171.596598544,551225.929316043
"22927",201095.468801372,549234.955508487
"22987",206117.189417029,550236.518960554
"23071",201373.712155013,549538.663508498
"23136",203315.704163609,551837.113231732
"23178",203158.982973105,549366.786885101
"23183",203642.311639481,551188.408311703
"23184",203644.052680958,551179.793704937
"23185",203635.498319036,551167.71459557
"23217",205726.671551866,549515.620295652
"23236",203916.944431475,550192.408145812
"23241",201273.08297359,549637.490128673
"23242",201254.532475317,549640.702393248
"23415",203046.272782559,551666.566387508
"23472",203011.71847564,550540.150156895
"23532",201745.657415607,550729.619048052
"23533",201724.232059585,550625.967052986
"23557",205199.797904981,551281.465391736
"23558",201712.843246934,550270.690742557
"23609",203894.044682358,551943.514152311
"23611",202832.919243822,551884.930275303
"23613",205696.02998989,549438.477868378
"23614",204182.962418813,548838.632813005
"23615",202934.547711704,550145.824644572
"23617",203438.763898451,551354.777493145
"23618",203449.694554308,551359.383068666
"23629",204822.906500256,550061.01469114
"23640",203143.418164373,551265.888463616
"23693",205157.105324441,551296.018552496
"23694",203042.961727655,550667.5982487
"23695",204373.875953659,549411.379966255
"23696",204391.967493142,549404.924537593
"23699",203263.099816818,551302.143708959
"23700",205658.384793434,549357.779962322
"23702",205422.641187101,549528.413480168
"23703",205183.263637013,549621.966542171
"23706",203942.012386236,552207.23280804
"23709",204384.569874103,548979.440943931
"23711",205275.93573521,548670.91805831
"23713",205185.732010982,548701.324850914
"23714",204865.12600861,548809.512413678
"23715",204851.157055331,548830.588762941
"23716",204850.034031464,548822.383105925
"23717",204849.74130471,548818.9269491
"23718",204847.932466714,548804.392809541
"23720",203889.402994506,549137.976158393
"23721",203901.448078822,549134.622927164
"23768",203124.245530388,551331.125462112
"23790",203437.690466129,551818.575215104
"23791",203461.629727195,551898.369751341
"23792",203576.426313542,552093.049552675
"23838",202099.25019159,551253.057655681
"23905",203863.856246212,549003.175641009
"23906",203874.449885943,548937.914625806
"23957",203075.922090874,551709.539686663
"23959",203460.934829947,548934.303535365
"23964",206130.194290051,551234.335156116
"24023",205895.811498823,551278.828148298
"24027",205864.204030283,551278.734854388
"24063",205165.096977627,549906.137632889
"24064",204431.601623389,550191.040501293
"24065",204162.630913605,550233.8547902
"24129",205280.919958539,548431.882239977
"24132",202119.798246812,551130.783245004
"24156",202184.179719305,552344.31107766
"24158",203613.524682191,551052.360790707
"24159",203598.46596793,550930.160026252
"24166",204628.910032107,550152.958170242
"24189",206453.767088918,551104.538117679
"24201",202193.535937675,552350.033785653
"24202",202160.921722941,552354.243009846
"24204",202083.927552088,552386.136620993
"24205",202083.944225038,552394.873416846
"24206",202067.719105896,552423.395730926
"24218",203918.212981108,550220.455720181
"24222",201421.918341081,549514.341234227
"24287",205397.095413253,551363.983633508
"24293",204944.683794917,549995.553078579
"24338",203695.934236925,551554.908042741
"24339",204376.203157634,549420.483451195
"24340",204386.800671415,549396.95380786
"24341",204376.40019708,549403.567361577
"24342",204392.581835042,549419.113721192
"24343",203091.485705685,550167.636446378
"24344",204497.641987601,549105.771851878
"24345",202730.231445603,551899.890788988
"24404",203892.033725475,549639.746230144
"24407",203535.144830267,551741.230810425
"24408",203627.315151212,551744.715003871
"24509",203738.631627246,549839.97379034
"24578",203161.15527606,551278.356152745
"24579",203125.00140018,551267.388049291
"24602",201273.826696489,549625.528238123
"24603",201256.443272447,549622.486486367
"24610",201382.280767144,549619.848271755
"24623",201693.176149785,550579.874756649
"24635",201889.469046976,549837.801399378
"24646",204176.922397163,550541.642359076
"24650",205551.191673048,551338.629233231
"24654",205561.013168395,548982.042627913
"24743",203139.964579136,551696.696038999
"25062",202582.180500572,552004.690226046
"25063",202586.650783276,552054.54897895
"25064",202346.616845709,552045.601359353
"25090",204871.217357725,548896.336966109
"25109",202585.346142907,551990.635482675
"25117",202353.199985213,551757.756314884
"25118",202597.223299057,551769.402353445
"25119",202457.991118576,551763.159471147
"25128",202469.477571111,551767.146241607
"25563",202530.365831096,551953.795765812
"25564",202656.374584471,551895.459087678
"25565",202479.602247003,551757.105794106
"25566",202541.016840629,551752.072266346
"25567",202468.228186159,551751.642708317
"25569",202221.244772055,551787.038643721
"25570",202196.589308728,551801.106789486
"25571",202643.882799645,551920.327612882
"25572",202336.629304291,551969.806560816
"25573",203766.106312394,550474.02384185
"25627",202101.069011709,552038.786058125
"25701",202217.555707048,551783.247909099
"25838",201104.193393606,549763.097756268
"25839",201121.819422294,549751.101283735
"25841",203887.669592478,548952.184257079
"25857",202588.111684676,551999.818772127
"25869",203071.267912328,550492.418245442
"25889",201115.686058699,549990.087557556
"25890",201112.030894904,549749.016934706
"25891",200964.554676383,549633.494058284
"25892",201109.161184866,549596.244339893
"25893",201200.483416912,549689.491022602
"25894",201318.055189605,549734.296555714
"25895",204037.506266512,548716.652820557
"25923",203678.816417985,551412.936470687
"25926",203589.366842316,550985.829565849
"25984",202341.626279668,551998.274461343
"25985",202580.460660399,551948.689374966
"25986",203819.987359303,551885.735596659
"25987",203838.538147337,551857.730740977
"26118",201128.447342948,549907.497830947
"26119",201108.664793949,549605.723463849
"26120",201166.180370419,549658.498309893
"26123",203890.413766098,548935.58002377
"26124",203878.529773616,548761.242111523
"26125",204027.094132317,548714.34569093
"26126",204102.219447837,548840.987556879
"26141",201202.128651363,549673.097271628
"26142",201162.578749909,549651.803938101
"26155",204879.686567969,548800.775675241
"26158",201265.453562651,549355.314695742
"26159",201362.154121936,549388.892049244
"26160",201433.560084719,549474.029392082
"26162",203964.317627747,549634.645103733
"26163",203972.79822355,549568.311058843
"26227",202097.256216116,552019.653179492
"26228",202350.319602136,552039.604369129
"26229",202085.501512057,552022.077212769
"26230",202097.884147559,551802.179119212
"26231",202281.557458481,551980.651194189
"26232",202159.339180725,551796.135972389
"26233",202295.960913009,551996.148624877
"26240",202151.702002132,551804.860420458
"26241",202283.712335199,551831.95278854
"26242",202283.572873791,551785.258891267
"26243",202092.444386847,551758.77608247
"26254",202649.954686527,551774.12283907
"26404",201114.954091064,549980.055006762
"26405",201329.088397307,549829.18318748
"26419",203610.533011013,550808.254652144
"26420",203815.028656689,550454.67856048
"26422",203679.795912,551631.916220717
"26423",203694.782295286,551635.289703939
"26424",203679.555827792,551572.333567623
"26425",203680.339901015,551483.302406587
"26427",203696.363137866,551480.059601613
"26428",203680.696988995,551453.630467529
"26429",203674.872561047,551382.492232973
"26430",203647.115723408,551246.720632554
"26576",202422.075357044,551719.118002336
"26808",202004.238476967,550422.005112538
"26818",202188.098896771,550435.000687653
"26825",201890.974629595,550449.599350008
"27053",201134.692146143,549900.112206215
"27125",202341.560548831,552033.083104379
"27126",202169.406553351,551810.941233155
"27164",203412.044400441,550972.967691424
"27166",203276.548545989,551103.512975076
"27167",203285.265424052,551085.279852718
"27168",203264.574515512,551108.617511294
"27333",201128.958095457,549773.234309898
"27334",201221.560066198,549678.42709377
"27335",201320.733148542,549739.373109816
"27336",201326.840913031,549838.717585572
"27368",203891.648361437,548964.171313917
"27389",204043.461799782,548878.696369458
"27407",202605.013291391,551781.619110542
"27552",203354.329754727,550995.965993747
"27554",203411.401925475,550999.875179725
"27645",202545.461058873,551758.044610171
"27646",202285.100983695,551741.527435836
"27647",202443.920412547,551949.973544184
"27648",202221.229917546,551992.010721872
"27702",203337.688278888,552283.555507627
"27734",202656.340850505,551782.290871468
"27769",202354.821063713,551180.257839445
"27770",202334.476151725,551178.411513603
"27772",203185.480607278,551399.0872644
"27773",203225.904441616,551823.522651964
"27774",203207.115505293,551826.234927326
"27776",203970.395156567,549379.508700913
"27785",203900.197951514,549170.053454727
"27786",202223.436869945,551348.572010163
"27788",203322.768939058,552275.438737375
"27789",205211.257371509,549367.224072591
"27799",203208.460065925,549354.898365105
"27805",203959.724781947,549324.119958449
"27824",203722.87660573,552364.571944091
"27854",202283.831545118,550282.999926775
"27881",202380.449223432,551201.10043387
"27882",202275.923948148,551136.223886107
"27883",203938.414794482,549233.413631121
"27939",203176.399188442,549386.829874694
"28419",202330.628882968,551177.749698569
"28420",203197.361206505,551585.645282057
"28438",202262.429664512,551212.305190354
"28439",202335.788870634,551185.439441134
"28440",203217.418546063,551848.848554246
"28441",203212.667835821,551842.678139217
"28442",203250.694452916,551839.917176067
"28443",203210.761515196,551850.296730174
"28444",203947.819352738,549837.676044498
"28445",204785.931750703,549535.374276754
"28446",204791.179248061,549512.868789636
"28447",205220.71076214,549369.187100404
"28448",205331.389515118,549308.14645225
"28456",204575.407644824,549608.67387291
"28458",202213.317961796,551360.008655131
"28459",202261.644085434,551132.017240608
"28460",203949.584112526,549509.052154918
"28464",203941.82308112,549820.606329563
"28465",203945.301394143,549640.838782186
"28478",203365.459655186,552449.949954898
"28479",203743.152250378,552364.779622181
"28486",203217.224343304,549372.980389739
"28506",202213.325608993,551247.868671104
"28508",202117.705410854,551235.301204791
"28510",202118.937186245,551118.284026907
"28511",203951.010973164,549318.459322652
"28514",203973.920782329,549497.1178396
"28559",202286.234229806,550271.259390934
"29038",202093.37074868,550385.625873035
"29039",202248.684250777,550310.409139805
"29040",202224.273749376,550310.968682503
"29041",202257.092264846,550173.360186038
"29047",202297.822990277,549986.075294419
"29107",204566.380645126,551994.042110435
"29133",203670.739765272,551319.651927616
"29139",203684.029650427,551474.387577735
"29255",203329.949913647,552461.610402144
"29256",203352.91540373,552484.369683837
"29258",203375.817098107,552570.878964213
"29294",205691.200216948,551319.510402389
"29295",205132.281358644,551471.954617085
"29574",203444.236133714,550539.556085034
"29575",203396.93498435,550438.939777344
"29576",203438.110569139,550984.198078842
"29652",203394.780235498,550776.1051965
"29653",203405.939388514,550770.710829348
"29654",203435.898862121,550925.52635028
"29655",203448.905855229,550945.544860722
"29664",204518.435437118,549889.617760916
"29665",204524.228456236,549900.225590131
"29667",202249.324966593,549649.633816405
"29670",202234.799770399,549658.798647016
"29671",202215.855115269,549685.294619699
"29672",202209.436969232,549664.80354005
"29673",202291.032378667,549820.058075168
"29674",202912.942427232,552283.446716234
"29675",202084.760702158,552421.132659057
"29707",202859.430099402,552249.553128846
"29708",202271.357981842,549769.166049345
"29709",202239.470095942,549680.53809658
"29711",202569.93989582,552247.325310345
"29712",202471.836429295,552281.498363108
"29713",202340.970761828,552330.352138662
"29731",203464.797990573,550721.492124543
"29732",203455.821564069,550775.108464021
"29733",203474.49499566,550732.263090365
"29734",203466.888881837,550794.103711825
"29748",203211.598685146,549395.983245455
"29749",203190.912531449,549368.034076164
"29750",203172.118056915,549371.172937978
"29758",204787.775482322,549356.049271573
"29837",202402.095172111,549848.151838628
"29838",202180.395874965,549541.895195159
"29839",202995.850455958,552354.875054687
"29892",202764.654668163,551553.375499136
"29893",202623.318187163,551639.402189088
"29901",203094.859545635,550883.067367901
"29902",203131.052695138,550915.574331646
"29995",202105.974843608,549839.139605554
"29996",202123.537996771,549838.696278078
"29997",202114.722042041,549814.590364842
"30100",205094.657888332,548746.433503315
"30101",204956.256925194,548787.222300996
"30102",203205.112574104,549739.993772855
"30103",204833.913810999,548824.661715327
"30104",204741.244405681,548860.186372386
"30107",204470.884556934,548947.48377899
"30119",205527.255240508,549844.861024608
"30173",205806.290495476,549845.949358342
"30180",205633.772483862,549190.221210404
"30227",202362.683960356,550728.598778444
"30228",201792.712871457,550575.283453005
"30352",204074.402096997,551267.288023026
"30378",203672.767102932,551773.56231488
"30379",205701.041184611,551258.460055554
"30380",205666.574804101,551300.183684219
"30381",205390.311654486,551375.165049025
"30394",201734.101344136,549106.80926239
"30429",202100.29631224,551223.953536412
"30445",203911.662389338,552463.224031432
"30453",202094.462854014,551042.475136005
"30454",202145.99041661,550950.125149456
"30455",202172.379400475,550901.17530145
"30456",202187.804817528,550699.448564706
"30458",202470.128265603,550793.702986199
"30459",203921.736798434,552472.518368517
"30569",202022.512676742,550692.519519669
"30802",203333.473873887,552480.652020953
"30803",203347.235506185,552461.037828428
"31006",203323.661356008,552295.490127652
"31007",203977.647121982,552009.145018015
"31029",202987.726271934,549495.517533083
"31030",202966.002290084,549502.433729939
"31035",202120.015247852,549808.251703706
"31059",203690.987947986,551777.812927329
"31060",201895.64111613,550573.945573655
"31061",203890.491704613,551927.598591373
"31062",203692.506833758,551748.613613571
"31078",203089.336923901,550886.30046606
"31085",202205.663842253,550341.875209247
"31086",202233.828764945,550334.037972394
"31087",202213.242801762,550323.221251937
"31091",201839.310706561,550485.349883753
"31118",202998.593731552,551419.834816665
"31180",202888.288370926,551501.693978991
"31248",202204.433897004,550684.579900776
"31249",202200.323337893,550669.577627425
"31250",203902.785793334,551903.248554304
"31309",201755.568975593,550629.51585858
"31366",201727.479401446,550809.860170124
"31494",202227.496449659,552017.156557289
"31497",203867.211488938,550226.363192616
"31610",203095.044230018,550886.830945057
"31611",204128.254277348,549312.2060573
"31612",204481.887063291,549044.137092718
"31773",201439.504031123,549446.695285106
"31774",202063.462750245,549750.931588584
"31775",204259.264268097,551414.948508126
"31776",205105.602752042,548876.106237459
"31777",205110.360605718,548879.671263626
"32004",203121.782833942,551321.682397758
"32025",203026.310247212,550875.012797923
"32027",202467.384267733,551700.933010667
"32080",205327.29396313,549875.015742024
"32086",202125.597322029,550359.182042835
"32087",202139.514053893,550379.390296451
"32280",204024.817595487,551817.203833819
"32343",203371.653852,550988.55101745
"32344",203270.533688513,551063.202059788
"32345",201758.098096511,549747.461676213
"32346",201735.557316815,549714.216058234
"32436",203935.077325611,551885.565823427
"32591",204140.829617988,551779.388118369
"32708",205643.235312339,549165.40180954
"32744",205388.644849564,548648.707118801
"32745",205260.944881838,548680.697398194
"32803",203956.821439298,549534.822975586
"32810",203625.393023914,550926.779209532
"32811",203617.819953295,550911.717284002
"32812",203580.174508489,550918.584071019
"33052",205825.988160353,549720.090338186
"33053",205785.199315316,549647.430574078
"33054",205778.008686315,549638.993518307
"33055",205792.369419908,549634.423925096
"33056",205783.348246865,549630.645036625
"33057",205807.293687452,549690.241418329
"33058",205752.038749908,549725.657998524
"33350",205170.712066396,548141.808611541
"33391",204054.690762392,551803.750003525
"33415",205739.935137687,549689.034351413
"33416",205709.282651736,549695.89553499
"33434",203980.192853342,551851.2950819
"33435",204076.500338043,551803.310240026
"33498",203875.840229374,550492.225204013
"33499",203776.876005255,550864.067574888
"33500",203721.38575557,550895.832519778
"33501",205757.385468188,549422.593616217
"33702",203012.462694989,550707.829297828
"33703",202996.392124967,550978.309371107
"33762",203992.158232847,551840.802809647
"33779",203013.26213814,550776.97428769
"33780",201737.128114324,550818.004432299
"34122",203974.097661292,551867.157244546
"34123",203990.684232865,551870.251856997
"34124",203938.078281307,551907.738394328
"34228",203075.927544239,551927.63778137
"34229",203084.676286968,551967.227335837
"34411",203318.456068418,551445.647266319
"34479",205836.626377066,549728.255471543
"34480",205878.756674679,549716.636054317
"34481",205816.101523965,549552.430707986
"34583",205815.786214218,549579.398381387
"34584",205777.319972119,549589.767939757
"34628",203245.2592145,551661.945575758
"34709",204217.588364157,549638.603301642
"34710",204217.655469419,549631.527283941
"34711",204228.908314074,549637.404262603
"34712",204228.400583294,549640.292670082
"34713",204258.192610035,549702.080959641
"34762",204774.075387382,549362.580685609
"34763",204695.235706003,549393.946002434
"34766",204304.988732184,549132.644806357
"34866",203266.868210297,551626.557552871
"35071",203334.799345924,551446.768283016
"35078",202656.08317827,551653.747372923
"35079",206149.042231557,551177.156566004
"35080",206142.718913295,551168.651162402
"35083",203630.42098975,551723.15738455
"35084",203413.45422061,551796.542897818
"35085",203393.957812821,551739.684970912
"35086",203397.663125681,551726.614392312
"35087",203381.923784832,551717.796452129
"35088",203083.428739089,551916.995310942
"35320",204305.369484924,549181.434353104
"35465",203291.133851905,551513.688140553
"35466",203303.179533855,551603.020100305
"35471",202430.609374284,551958.297911463
"35474",203683.985792468,551737.712148415
"35520",202259.127060166,549821.484565903
"35521",202263.698886293,549839.250811623
"35522",202264.034068521,549853.645237658
"35523",202272.439398053,549845.786391911
"35524",202290.974303051,549837.500655238
"35525",202274.913525563,549820.724861991
"35529",204340.617133521,549247.760103545
"35531",204312.411617814,549211.336311472
"35750",204338.946851092,549287.981419196
"35756",203453.566629481,550552.840920468
"35762",202465.752368325,552252.426983315
"35786",203298.383959103,551570.260573215
"35820",203828.822033824,549154.565717373
"35892",205066.449156273,549402.441367156
"35893",202281.816219036,551994.409890651
"35894",202279.087311606,551999.684684685
"35895",202283.838408269,552009.559742959
"35896",202272.271193123,552003.239478729
"35898",205670.282600871,549253.075971667
"35899",205658.637788292,549209.564828505
"36011",204818.037643283,551740.361709649
"36013",204811.28880151,551755.788647654
"36018",201362.451368705,549847.180199858
"36019",201393.979464634,549837.260064112
"36020",201410.630869135,549833.543866572
"36021",201742.164743273,550805.424651964
"36022",201769.453240012,550716.434729219
"36024",204289.624500696,552233.440836019
"36029",202662.964755502,552192.978045128
"36030",202681.076297998,552216.647786575
"36071",202672.628323851,552105.321924203
"36072",202659.658628595,551932.317798696
"36205",202444.5872287,551975.991737323
"36207",202470.270646317,551970.905680725
"36258",204343.602862427,549222.519990592
"36290",203640.557439808,551180.966480347
"36295",202546.631579711,552225.878510452
"36441",204321.778422113,549238.156297589
"36559",203151.728480566,551405.62780125
"36561",202621.461710399,549996.612246184
"36568",204252.562988652,551604.712282707
"36619",202351.295340899,552392.134374187
"36620",202372.809042333,552385.769427835
"36625",203330.34923855,552493.332189629
"36626",203166.483106368,552470.904009965
"36627",203101.157948062,552448.967516907
"36628",202974.392758411,552345.054167935
"36629",202688.795176869,552223.695117066
"36641",206072.838825028,550148.295903071
"36697",203800.407008191,549390.878365096
"36698",203818.759681144,549440.47436467
"36699",202660.069531322,552227.147459017
"36703",202333.475890472,552341.167372663
"36704",202357.824068393,552332.531983244
"36705",202077.621495935,552430.130519128
"36719",202399.431932167,549830.135428572
"36744",203693.794619324,551730.768612174
"36783",202478.20915326,550807.25440336
"36810",204427.645059884,549643.799891285
"36852",203814.841297284,550463.11921733
"36869",204230.545832033,551695.307982319
"37129",204252.185212794,549012.341875095
"37197",204253.973353682,549006.412198233
"37199",204183.776813778,550225.395784078
"37249",206199.905210297,550411.058801033
"37286",203893.577414883,549521.281882314
